path,OpenSMT,,SMTInterpol,,Yices2,,Z3alpha,,cvc5,
,solved,runtime,solved,runtime,solved,runtime,solved,runtime,solved,runtime
QF_IDL/20210312-Bouvier/vlsat3_c02.smt2,1,2.4524230459937826,1,4.611134734994266,1,3.6073927560064476,1,2.497078952990705,1,8.438881964000757
QF_IDL/20210312-Bouvier/vlsat3_c14.smt2,0,1201.2308509460127,0,1201.7161270069773,0,1201.216680690006,1,227.4588926389988,1,130.38126942499366
QF_IDL/20210312-Bouvier/vlsat3_c24.smt2,0,1201.2198529519956,0,1202.2203693799675,0,1201.2458345139748,1,46.67666082497453,1,70.26769989999593
QF_IDL/20210312-Bouvier/vlsat3_c27.smt2,1,198.77575287899526,1,10.07701820001239,1,40.57257167197531,1,613.3379893860256,1,6.967441013999633
QF_IDL/20210312-Bouvier/vlsat3_c29.smt2,0,1201.218904843001,0,1202.220138158009,0,1201.2167223530123,0,1201.7161834229773,1,138.2652703979984
QF_IDL/20210312-Bouvier/vlsat3_c38.smt2,0,1201.2163175899914,0,1201.7178609390394,0,1201.224173213006,0,1201.712683070975,1,134.97720081699663
QF_IDL/20210312-Bouvier/vlsat3_c39.smt2,0,1201.2336850689899,0,1202.247410728014,0,1201.258890876983,0,1201.7214956560056,0,1201.7344064530043
QF_IDL/20210312-Bouvier/vlsat3_c50.smt2,0,1201.2379566040036,0,1201.7191014750279,0,1201.2124986879935,0,1201.7110427180014,1,357.81281738700636
QF_IDL/20210312-Bouvier/vlsat3_c65.smt2,0,1201.2184425079904,0,1201.71388282103,0,1201.2234191150055,0,1201.7215559990145,1,351.1194594550034
QF_IDL/20210312-Bouvier/vlsat3_c69.smt2,0,1201.2174827530107,0,1201.7464331659721,0,1201.2207002009964,1,377.60468427900923,1,601.156204251005
QF_IDL/20210312-Bouvier/vlsat3_c72.smt2,0,1201.2236597909941,0,1202.2247566339793,0,1201.2342097809887,0,1201.7176315599936,1,475.223652479006
QF_IDL/20210312-Bouvier/vlsat3_c74.smt2,0,1201.2221042599995,0,1201.7153896419914,0,1201.2178773109918,1,159.79438451200258,1,76.51913942198735
QF_IDL/20210312-Bouvier/vlsat3_c81.smt2,0,1201.2261033620161,0,1202.2525885960204,0,1201.2194059560134,1,92.52265607900335,1,226.8051632429997
QF_IDL/20210312-Bouvier/vlsat3_c99.smt2,0,1201.2255090980034,0,1201.7395412060432,0,1201.216872132005,1,539.604144513025,1,726.5963582120021
QF_IDL/20210312-Bouvier/vlsat3_i09.smt2,1,164.86185606099025,1,4.314649309962988,1,217.05312676200992,0,1201.7203125029919,0,1201.7121918140037
QF_IDL/20210312-Bouvier/vlsat3_i26.smt2,0,1201.2276241060026,0,1201.745665844006,0,1201.2200842789898,1,281.26675825798884,0,1201.715551892994
QF_IDL/20210312-Bouvier/vlsat3_i79.smt2,0,1201.3267948310095,1,485.59621170698665,0,1201.232215969998,1,503.1603389100055,0,1201.7740870100097
QF_IDL/20210312-Bouvier/vlsat3_i90.smt2,0,1201.2239679479972,0,1201.7184200239717,0,1201.2139097489999,1,180.73154033799074,0,1201.7229124709993
QF_IDL/20210312-Bouvier/vlsat3_i98.smt2,0,1201.257026236999,1,110.41846483497648,0,1201.2210005979869,1,1175.5317391430144,0,1201.7154640750086
QF_IDL/20220214-RVpredict-BohanLi/RVpredict_2.smt2,1,82.08540660300059,0,1201.7523543519783,1,6.41635001800023,1,1182.6011264370172,1,831.918708481986
QF_IDL/20220214-jobshop-BohanLi/jobshop10-4-5-5-4-4-32.smt2,1,3.185151029989356,1,26.166433523001615,1,387.92581926399725,1,4.327167106006527,1,12.094317103008507
QF_IDL/20220214-jobshop-BohanLi/jobshop20-2-10-10-2-4-12.smt2,1,103.56373877100123,0,1201.74383726198,0,1201.222624609014,1,18.08646683799452,0,1201.7118444939988
QF_IDL/20220214-jobshop-BohanLi/jobshop22-2-11-11-2-4-12.smt2,1,3.931792344999849,0,1201.7185156540363,1,5.720423352002399,1,2.6253564750077203,1,71.16599415500241
QF_IDL/20220214-jobshop-BohanLi/jobshop30-4-15-15-2-4-24.smt2,0,1201.2163362380234,0,1201.7180064849672,0,1201.254917173006,0,1201.716909936018,0,1201.7149101449904
QF_IDL/20220214-jobshop-BohanLi/jobshop32-2-16-16-4-4-16.smt2,1,2.0342895170033444,0,1201.7165154489921,1,1.3344450619770214,1,10.232664726994699,1,546.6950362580101
QF_IDL/20220214-jobshop-BohanLi/jobshop32-4-16-16-2-4-24.smt2,0,1201.2194995440077,0,1201.7490627180086,0,1201.2263836719794,0,1201.715591974993,0,1201.7216841259942
QF_IDL/20220214-jobshop-BohanLi/jobshop44-4-22-22-2-4-24.smt2,0,1201.220828260004,0,1201.7205081550055,0,1201.2196662319766,0,1201.7228868890088,0,1201.7172317660006
QF_IDL/20220214-jobshop-BohanLi/jobshop48-2-24-24-2-4-12.smt2,0,1201.221408005993,0,1201.7233432679786,0,1201.2269395840121,0,1201.736860072997,0,1201.736846099011
QF_IDL/20220214-jobshop-BohanLi/jobshop58-4-29-29-4-4-32.smt2,0,1201.2265508440032,0,1201.7426210009726,0,1201.2165485669975,0,1201.7208083449805,0,1201.7147380029928
QF_IDL/20220214-jobshop-BohanLi/jobshop60-4-30-30-2-4-24.smt2,0,1201.229013876,0,1201.7269726860104,0,1201.2157362519938,0,1201.7155624540173,0,1201.7143289119995
QF_IDL/Averest/binary_search/BinarySearch_live_bgmc003.smt2,1,0.21825258701574057,1,0.7542366370325908,1,0.2105402229935862,1,0.2754853150108829,1,0.2348249649949139
QF_IDL/Averest/binary_search/BinarySearch_live_blmc002.smt2,1,0.25845487100014,1,0.8608314860030077,1,0.23674336599651724,1,0.27202033597859554,1,0.2667482709948672
QF_IDL/Averest/binary_search/BinarySearch_safe_bgmc001.smt2,1,0.21174578099453356,1,0.4448749640141614,1,0.2100671409862116,1,0.26718457401148044,1,0.2250784320058301
QF_IDL/Averest/buble_sort/BubbleSort_live_bgmc010.smt2,1,0.320936347998213,1,2.0864476980059408,1,0.22211522699217312,1,0.3136527150054462,1,0.3571214989933651
QF_IDL/Averest/buble_sort/BubbleSort_live_blmc007.smt2,1,0.4489425659994595,1,5.203427202999592,1,0.2507039540214464,1,0.47247528098523617,1,0.8957996940007433
QF_IDL/Averest/buble_sort/BubbleSort_live_blmc009.smt2,1,0.6217380640009651,1,7.63414619298419,1,0.27758234899374656,1,0.4977762420021463,1,1.6427219999895897
QF_IDL/Averest/buble_sort/BubbleSort_safe_bgmc002.smt2,1,0.21641013699991163,1,0.8301955440547317,1,0.21060861297883093,1,0.2719681619782932,1,0.26342778399703093
QF_IDL/Averest/buble_sort/BubbleSort_safe_bgmc003.smt2,1,0.22120448100031354,1,1.0093983910046518,1,0.21607694402337074,1,0.2762363980000373,1,0.23874358600005507
QF_IDL/Averest/buble_sort/BubbleSort_safe_bgmc009.smt2,1,0.2584204279992264,1,2.039479599974584,1,0.2212914669944439,1,0.32710824499372393,1,0.2897608029888943
QF_IDL/Averest/buble_sort/BubbleSort_safe_blmc008.smt2,1,0.42781962899607606,1,4.008268014993519,1,0.265731304010842,1,0.41909290599869564,1,0.7251931740029249
QF_IDL/Averest/insertion_sort/InsertionSort_live_blmc009.smt2,1,1.5241762830119114,1,11.781994968012441,1,0.35009640202042647,1,0.9742365420097485,1,3.4599059489992214
QF_IDL/Averest/insertion_sort/InsertionSort_safe_bgmc002.smt2,1,0.24346254498232156,1,0.9368720520287752,1,0.21238557799370028,1,0.2858035770186689,1,0.23084518699033652
QF_IDL/Averest/insertion_sort/InsertionSort_safe_bgmc004.smt2,1,0.2364331060089171,1,1.612514394975733,1,0.21683311500237323,1,0.35049270500894636,1,0.2786222090071533
QF_IDL/Averest/insertion_sort/InsertionSort_safe_blmc003.smt2,1,0.31711470300797373,1,2.105640882975422,1,0.2572050880116876,1,0.8176811650046147,1,0.47168583700840827
QF_IDL/Averest/linear_search/LinearSearch_live_bgmc000.smt2,1,0.2137547029997222,1,0.4847452709800564,1,0.21406841799034737,1,0.2970317139988765,1,0.22119008300069254
QF_IDL/Averest/linear_search/LinearSearch_live_blmc004.smt2,1,0.26896068900532555,1,1.0063269670354202,1,0.286707071994897,1,0.2781752930022776,1,0.23640133699518628
QF_IDL/Averest/min_max/MinMax_safe_bgmc003.smt2,1,0.22473024899954908,1,0.9972311720484868,1,0.2530336130002979,1,0.29498533401056193,1,0.24948431599477772
QF_IDL/Averest/min_max/MinMax_safe_blmc000.smt2,1,0.230911398990429,1,1.062830749026034,1,0.23814192801364698,1,0.3108424670062959,1,0.2657269030023599
QF_IDL/Averest/parallel_search/ParallelSearch_live_bgmc000.smt2,1,0.24657346299500205,1,0.5569798679789528,1,0.21385683899279684,1,0.26589842699468136,1,0.2564651220018277
QF_IDL/Averest/partition/Partition_live_bgmc000.smt2,1,0.21613360600895248,1,0.6490793519769795,1,0.23547669799881987,1,0.2748511910031084,1,0.2259173550119158
QF_IDL/Averest/partition/Partition_live_bgmc002.smt2,1,0.23520674400788266,1,0.7358008960145526,1,0.21285841599456035,1,0.27418405798380263,1,0.2388007400004426
QF_IDL/Averest/partition/Partition_live_blmc000.smt2,1,0.225701666000532,1,0.8147648280137219,1,0.21115948201622814,1,0.27837260300293565,1,0.26584318598906975
QF_IDL/Averest/selection_sort/SelectionSort_live_bgmc005.smt2,1,0.32445169500715565,1,1.384779216023162,1,0.21556227101245895,1,0.31483279800158925,1,0.2973677189875161
QF_IDL/Averest/selection_sort/SelectionSort_live_bgmc010.smt2,1,0.34797930700005963,1,2.4484329810366035,1,0.23853827099082991,1,0.3779581180133391,1,0.3421519089897629
QF_IDL/Averest/selection_sort/SelectionSort_safe_bgmc002.smt2,1,0.24764668400166556,1,0.8336615950101987,1,0.24629707599524409,1,0.28252434797468595,1,0.23565378600324038
QF_IDL/Averest/selection_sort/SelectionSort_safe_bgmc003.smt2,1,0.2224412060022587,1,1.1030007249792106,1,0.2126265119877644,1,0.30880374799016863,1,0.2528744320006808
QF_IDL/Averest/selection_sort/SelectionSort_safe_bgmc009.smt2,1,0.28937082798802294,1,2.152724329032935,1,0.23604052999871783,1,0.31917593197431415,1,0.37153257201134693
QF_IDL/Averest/selection_sort/SelectionSort_safe_blmc003.smt2,1,0.28121037399978377,1,1.6459128719870932,1,0.22835613900679164,1,0.48222815099870786,1,0.3896898890088778
QF_IDL/Averest/selection_sort/SelectionSort_safe_blmc006.smt2,1,0.39454354500048794,1,3.315330737037584,1,0.23915957999997772,1,1.1114152840164024,1,0.5514272779983003
QF_IDL/Averest/sorting_network/SortingNetwork4_safe_blmc004.smt2,1,0.2543890250090044,1,1.0263989380327985,1,0.22616737298085354,1,0.35107683899695985,1,0.3127293389989063
QF_IDL/Averest/sorting_network/SortingNetwork8_live_bgmc007.smt2,1,0.2384054849972017,1,1.3222546410397626,1,0.2381057259917725,1,0.3415013699850533,1,0.2937828810099745
QF_IDL/Averest/sorting_network/SortingNetwork8_safe_blmc000.smt2,1,0.22341048999805935,1,0.8463747900095768,1,0.24506722699152306,1,0.27199204300995916,1,0.2870177310105646
QF_IDL/Averest/sorting_network/SortingNetwork8_safe_blmc002.smt2,1,0.28706807299749926,1,1.2349650919786654,1,0.21532473198021762,1,0.46108328900299966,1,0.3714765559998341
QF_IDL/DTP/DTP_k2_n35_c175_s2.smt2,1,0.24153568399196956,1,1.6794234600383788,1,0.21532262899563648,1,0.2899083270167466,1,0.5298349239892559
QF_IDL/DTP/DTP_k2_n35_c210_s12.smt2,1,0.32255178701598197,1,5.785930782032665,1,0.2744930319895502,1,0.3191009490110446,1,0.773912223012303
QF_IDL/DTP/DTP_k2_n35_c210_s6.smt2,1,0.27572302700718865,1,3.1208440819755197,1,0.2569946669973433,1,0.3001948859891854,1,0.5572189509985037
QF_IDL/DTP/DTP_k2_n35_c245_s13.smt2,1,0.33399957600340713,1,4.470552320999559,1,0.22976452999864705,1,0.36548752000089735,1,1.1225071049993858
QF_IDL/DTP/DTP_k2_n35_c245_s3.smt2,1,0.27645681299327407,1,4.017188410973176,1,0.2220157280098647,1,0.30472829000791535,1,0.6669871790072648
QF_IDL/DTP/DTP_k2_n35_c245_s4.smt2,1,0.245731640025042,1,3.2016597489709966,1,0.22145895400899462,1,0.2984682359965518,1,0.4405504739988828
QF_IDL/RTCL/b02_tf_20/ckt_PROP0_tf_20.smt2,1,0.2662852899811696,1,1.018216146971099,1,0.21160380498622544,1,0.27917706899461336,1,0.23173527300241403
QF_IDL/RTCL/b13_tf_10/ckt_PROP8_tf_10.smt2,1,0.26113841400365345,1,0.9523472629953176,1,0.21025008300784975,1,0.26971731800585985,1,0.23219905399309937
QF_IDL/RTCL/b13_tf_15/ckt_PROP1_tf_15.smt2,1,0.30234841399942525,1,1.2792422649799846,1,0.23723580499063246,1,0.2864990590023808,1,0.23821501599741168
QF_IDL/RTCL/b13_tf_15/ckt_PROP5_tf_15.smt2,1,0.35584556800313294,1,1.937648179999087,1,0.21605850401101634,1,0.2894222970062401,1,0.26298244899953716
QF_IDL/asp/15Puzzle/15-puzzle.init13.smt2,0,1201.6252896760125,1,297.04464307799935,1,30.19294553398504,1,22.068338277982548,0,1202.744108236002
QF_IDL/asp/BlockedNQueens/156.48.1960.36.1721303981.dat.smt2,0,1201.24105087301,0,1201.7700781960157,1,40.07885489499313,1,25.30635559000075,1,164.85732394100341
QF_IDL/asp/BlockedNQueens/156.48.1960.36.1721319768.dat.smt2,0,1201.2170003619976,0,1201.716692566988,1,26.02609594599926,1,33.5993139980128,1,128.46972004399868
QF_IDL/asp/ConnectedDominatingSet/rand_50_250_1235842610_0_k=6_unsat.gph.smt2,1,6.8260180649813265,0,1202.7547889429843,1,5.349592109007062,1,6.007305142993573,1,16.83665382101026
QF_IDL/asp/ConnectedDominatingSet/rand_80_500_1235848939_0_k=9_sat.gph.smt2,1,60.03454069601139,0,1202.7502133880043,1,262.6103667479765,1,467.44569774900447,0,1201.7126356590015
QF_IDL/asp/EdgeMatching/edge-matching-width=10-height=10-colours=8.smt2,0,1201.2520274670096,0,1202.2427308819606,1,71.36387412701151,1,559.6739989469934,0,1201.7174828330026
QF_IDL/asp/EdgeMatching/edge-matching-width=7-height=7-colours=12.smt2,1,319.9357756910031,0,1202.7232261840254,1,5.395722771005239,1,247.69470797901158,1,362.1818768869998
QF_IDL/asp/GeneralizedSlitherlink/altair1.20.asp.smt2,1,37.27331314700132,1,50.98580551700434,1,0.7773825190088246,1,2.7018524190061726,1,11.503536157004419
QF_IDL/asp/GeneralizedSlitherlink/trisquares.11.asp.smt2,1,75.76287449200754,1,33.55985918495571,1,0.6475177660176996,1,3.0642068710003514,1,11.388128263002727
QF_IDL/asp/GeneralizedSlitherlink/trisquares.41.asp.smt2,1,44.41251260500576,1,30.660534406953957,1,0.6986030349798966,1,1.7958672800159547,1,7.106107806001091
QF_IDL/asp/GeneralizedSlitherlink/trisquares.43.asp.smt2,1,61.78168923701742,1,30.730419302999508,1,0.6506856499763671,1,2.79517646698514,1,11.095526841992978
QF_IDL/asp/GraphColouring/graph-colouring-nodes=130-density=0.1-instance=10.smt2,0,1201.2223009569861,1,701.5451939799823,1,1.9056404670118354,1,471.25422502099536,0,1201.7112428969995
QF_IDL/asp/GraphColouring/graph-colouring-nodes=130-density=0.1-instance=2.smt2,1,134.68858001400076,1,38.06565587699879,1,9.564289527013898,1,0.621925788000226,1,15.816894351009978
QF_IDL/asp/GraphColouring/graph-colouring-nodes=130-density=0.1-instance=4.smt2,0,1201.219006430998,0,1201.7225008439855,0,1201.2226999679988,0,1201.711847241997,0,1201.7185236430087
QF_IDL/asp/GraphColouring/graph-colouring-nodes=140-density=0.1-instance=7.smt2,0,1201.2430797579873,0,1201.7715880660107,0,1201.248158063012,0,1201.743358317006,0,1201.7422379960044
QF_IDL/asp/GraphColouring/graph-colouring-nodes=140-density=0.1-instance=9.smt2,0,1201.2388141700067,0,1201.7161172360065,0,1201.2211493069772,0,1201.743102021981,0,1201.7199226179946
QF_IDL/asp/GraphColouring/graph-colouring-nodes=150-density=0.1-instance=2.smt2,0,1201.220341770997,0,1201.7348729899968,0,1201.2153215169965,0,1201.7121077879856,0,1201.7173573220061
QF_IDL/asp/GraphPartitioning/rand_20_100_1235402004_0_k=6_v=4_e=4_sat.gph.smt2,0,1201.213949654004,0,1202.722599847999,1,74.40898915601429,1,178.45376087501063,1,190.12690162099898
QF_IDL/asp/GraphPartitioning/rand_21_150_1235870252_0_k=3_v=10_e=20_unsat.gph.smt2,1,668.4739328229916,0,1202.7451657649945,1,21.264278937975178,1,37.598161734989844,1,123.18057672599389
QF_IDL/asp/GraphPartitioning/rand_21_150_1235870252_0_k=6_v=5_e=25_sat.gph.smt2,1,20.141095838000183,1,17.131621507985983,1,0.5221271940099541,1,1.1897469609975815,1,3.886171859005117
QF_IDL/asp/GraphPartitioning/rand_25_200_1235404333_0_k=5_v=5_e=4_unsat.gph.smt2,0,1201.2299084779806,0,1202.7442481429898,1,42.36250545599614,1,52.51607400100329,1,368.0575314180023
QF_IDL/asp/HamiltonianPath/gryzzles.2.lp.smt2,1,9.6579204039881,1,5.7104339429643005,1,0.39778711198596284,1,0.7157525030197576,1,2.265553634002572
QF_IDL/asp/HamiltonianPath/gryzzles.41.lp.smt2,1,42.667519014008576,1,12.659701708995271,1,0.6062946330057457,1,0.8217884710174985,1,4.4966071029921295
QF_IDL/asp/HamiltonianPath/gryzzles.6.lp.smt2,1,20.84808934899047,1,10.053129819978494,1,0.6262591109843925,1,0.6427699270134326,1,3.3237186990008922
QF_IDL/asp/Hanoi/mgs_towers-hanoi.120_7.smt2,0,1201.236558760007,0,1201.7729686899693,1,50.625127941020764,1,100.09560838100151,1,221.88229086600768
QF_IDL/asp/Hanoi/mgs_towers-hanoi.32_7.smt2,1,105.83601656000246,1,41.778092043998186,1,1.285380179004278,1,2.014821213990217,1,10.345171853987267
QF_IDL/asp/Labyrinth/laby_17_17_09.lp.smt2,0,1201.280809171003,0,1202.2563828999992,0,1201.23123188701,0,1201.7168369120045,0,1201.7425486940047
QF_IDL/asp/Labyrinth/laby_19_19_16.lp.smt2,0,1201.3039063359902,0,1202.2440319680027,1,1078.5863595870032,0,1201.7328599299944,0,1201.7182612189936
QF_IDL/asp/MazeGeneration/maze-generation-width=10-height=10-density=0.01-run=3.smt2,1,0.2966553719888907,1,1.7963344079907984,1,0.22094472599565051,1,0.3211499009921681,1,0.3018661910027731
QF_IDL/asp/MazeGeneration/maze-generation-width=15-height=15-density=0.01-run=1.smt2,1,0.6789633180014789,1,2.701235628046561,1,0.22706069401465356,1,0.38137779000680894,1,0.5033570920058992
QF_IDL/asp/MazeGeneration/maze-generation-width=16-height=16-density=0.01-run=5.smt2,1,3.7701911029871553,1,34.30244023096748,1,3.4214794150029775,1,2.107220881996909,1,3.290567407006165
QF_IDL/asp/MazeGeneration/maze-generation-width=19-height=19-density=0.01-run=1.smt2,1,167.55350813499535,0,1201.754727623018,1,789.7226898810186,1,293.12970777301234,1,214.72964114398928
QF_IDL/asp/SchurNumbers/15.13.schur.lp.smt2,1,224.0906481899874,0,1201.720308295975,1,637.575074782013,1,13.637490171007812,1,29.43055117801123
QF_IDL/asp/SchurNumbers/15.20.schur.lp.smt2,0,1201.214995724993,1,792.4249956869753,1,40.30514049102203,1,1.3128725599963218,1,231.8962795080006
QF_IDL/asp/SchurNumbers/20.10.schur.lp.smt2,1,3.1929379969951697,1,18.44573452899931,1,0.29869147602585144,1,0.5676788130076602,1,3.3654502279969165
QF_IDL/asp/SchurNumbers/20.2.schur.lp.smt2,1,108.08834442599618,1,142.25447201897623,1,1.7915564959985204,1,2.4707495289912913,1,10.514565866993507
QF_IDL/asp/SchurNumbers/20.3.schur.lp.smt2,1,59.38960511100595,1,111.29324354202254,1,1.3847584990144242,1,1.8508079009770881,1,6.338090567995096
QF_IDL/asp/Sokoban/dimitri_yorick.55.steps.9.asp.smt2,1,45.03101312999206,0,1202.7429235500167,1,1.0949763329990674,1,1.8640623289975338,1,4.364959508005995
QF_IDL/asp/Sokoban/duthen-990602.49.steps.13.asp.smt2,1,29.120611544989515,1,86.192262061988,1,1.2806346229917835,1,1.577858817006927,1,3.8674537440092536
QF_IDL/asp/Sokoban/duthen-990602.57.steps.12.asp.smt2,1,7.817514979993575,1,74.48162362800213,1,0.5997578929818701,1,0.8576114310126286,1,2.3467115219973493
QF_IDL/asp/Sokoban/duthen-990602.75.steps.10.asp.smt2,1,20.30435114100692,0,1201.7418015439762,1,0.8784768850018736,1,2.028358231007587,1,3.7224348970048595
QF_IDL/asp/Solitaire/solitaire-center-time=26.smt2,1,57.29380970398779,0,1202.744604128995,1,0.9599732799979392,1,6.098496584017994,1,30.011652993998723
QF_IDL/asp/Solitaire/solitaire-center-time=27.smt2,1,64.86681249798858,0,1202.7189603389706,1,2.520436095976038,1,7.459847342019202,1,17.533162199004437
QF_IDL/asp/Sudoku/sudoku.in4.smt2,0,1201.2395918300026,1,625.6402893710183,1,73.94063404697226,1,264.7315288420068,1,772.2533992569952
QF_IDL/asp/Sudoku/sudoku.in5.smt2,0,1201.2581391189888,0,1201.7760055359686,1,74.96286329600844,1,98.50568579899846,1,851.5039882499987
QF_IDL/asp/Sudoku/sudoku.in6.smt2,1,0.2964578450046247,1,1.048905620991718,1,0.21559272799640894,1,0.3420781650056597,1,0.28868294300627895
QF_IDL/asp/Sudoku/sudoku.in7.smt2,0,1201.2159652150003,0,1201.7181962469476,1,105.8872745190165,1,185.26049287000205,1,762.3300674080092
QF_IDL/asp/TravellingSalesperson/rand_70_300_1155482584_4.lp.smt2,1,271.17204848799156,0,1201.7213859300246,1,140.31743340299,1,39.66661185398698,1,135.49844577800832
QF_IDL/asp/TravellingSalesperson/rand_80_340_1159656267_16.lp.smt2,1,526.1344920729898,0,1201.7428781159688,1,168.07224913098617,1,70.74966554701678,1,249.21800696499122
QF_IDL/asp/TravellingSalesperson/tsp_rand_70_300_1155482584_5.lp.smt2,1,95.04737190098967,0,1201.7530193519779,1,28.026364443998318,1,22.977211393998004,1,161.25859050000145
QF_IDL/asp/WeightBoundedDominatingSet/rand_200_800_1159728969_11.lp.smt2,0,1201.216737477007,0,1202.2167900589993,0,1201.2253251580114,0,1201.7156021200062,0,1201.7147110549995
QF_IDL/asp/WireRouting/wire.10.x.10.b.5.a.35_sat.data.smt2,1,458.219409191006,1,252.24074857501546,1,4.7825933400017675,1,12.868382828019094,1,32.22686440400139
QF_IDL/asp/WireRouting/wire.15.x.15.b.11.25.a.45_sat.data.smt2,0,1201.2299016650068,0,1201.7448190040304,1,263.18348578200676,1,551.5400560979906,1,604.0737317619933
QF_IDL/bcnscheduling/bcnscheduling120.smt2,0,1201.2475932810048,1,1162.4331200600136,0,1201.2125349479902,1,343.7414551420079,0,1201.716716859999
QF_IDL/cellar/scen08.smt2,1,3.3029806179984007,1,48.77384185203118,1,1.5450222300132737,1,1.7505289059772622,1,3.5290940400009276
QF_IDL/diamonds/diamonds.10.2.i.a.u.smt2,1,0.340659694003989,1,3.621403797995299,1,0.25549158299691044,1,0.39876816599280573,1,0.4768546760024037
QF_IDL/diamonds/diamonds.10.5.i.a.u.smt2,1,0.22297910098859575,1,2.3103841070551425,1,0.2186478670046199,1,0.3150691720074974,1,0.3371709820057731
QF_IDL/diamonds/diamonds.11.2.i.a.u.smt2,1,0.5035570719919633,1,4.995816218026448,1,0.33700461802072823,1,0.6316418639908079,1,0.7662961889873259
QF_IDL/diamonds/diamonds.15.10.i.a.u.smt2,1,1.051317387013114,1,79.48358404601458,1,1.971199877007166,1,8.867147063021548,1,22.727942238008836
QF_IDL/diamonds/diamonds.18.2.i.a.u.smt2,1,3.325816140990355,1,172.9154653350124,1,2.8906140610051807,1,10.125760574999731,1,56.13264677701227
QF_IDL/diamonds/diamonds.18.5.i.a.u.smt2,1,4.339148553000996,1,489.2475005289889,1,9.138722245988902,1,33.608454898989294,1,108.64559589700366
QF_IDL/fuzzy-matrix/Zantema_z064.srs_slice-6_constraint-209485.smt2,1,119.57347416899574,0,1201.7168150080252,0,1201.2158645740128,1,1118.1982860270073,0,1201.7113722610084
QF_IDL/job_shop/jobshop12-2-6-6-4-4-12.smt2,1,0.23919683700660244,1,2.7864089739741758,1,0.2330213449895382,1,0.2997967969859019,1,0.9662035549990833
QF_IDL/job_shop/jobshop20-2-10-10-4-4-12.smt2,1,0.5370512869994855,1,11.544844525982626,1,0.2561028120107949,1,0.5179809970140923,1,4.885415337004815
QF_IDL/job_shop/jobshop30-2-15-15-4-4-11.smt2,0,1201.259715007007,0,1201.743224595033,0,1201.2208667200175,0,1201.7559479070187,0,1201.7256697060075
QF_IDL/job_shop/jobshop32-2-16-16-2-4-9.smt2,1,2.5732449750066735,1,941.3525720309699,1,0.3676025790045969,1,0.7352959619893227,1,107.96014481400198
QF_IDL/job_shop/jobshop34-2-17-17-4-4-11.smt2,0,1201.2291244349908,0,1202.2396570050041,0,1201.2179955939937,0,1201.7167289339995,0,1201.7174817689956
QF_IDL/job_shop/jobshop46-2-23-23-4-4-11.smt2,0,1201.2138061320147,0,1202.2423954030382,0,1201.2119666129875,0,1201.715864297992,0,1201.7156012839987
QF_IDL/job_shop/jobshop48-2-24-24-2-4-12.smt2,1,2.4556407000054605,1,77.26351491000969,1,0.4918389259837568,1,0.6490531529998407,1,216.1770715300081
QF_IDL/job_shop/jobshop50-2-25-25-4-4-11.smt2,0,1201.2115356659924,0,1201.7237185999984,0,1201.2123420790012,0,1201.712848433992,0,1201.712765164004
QF_IDL/job_shop/jobshop56-2-28-28-2-4-9.smt2,1,152.7286964909872,0,1201.719637419039,1,4.249319244001526,1,28.044412137998734,0,1201.7128018610092
QF_IDL/mathsat/fischer/FISCHER11-12-ninc.smt2,1,5.56725404599274,1,296.2503726040013,1,10.143014158005826,1,0.4709063719783444,1,11.032252121003694
QF_IDL/mathsat/fischer/FISCHER11-2-ninc.smt2,1,0.25577899400377646,1,1.1519660589983687,1,0.2748855179816019,1,0.2847692659997847,1,0.2645551349996822
QF_IDL/mathsat/fischer/FISCHER11-4-ninc.smt2,1,0.39787129100295715,1,1.7887720559956506,1,0.21936993501731195,1,0.33348575499258004,1,0.3802255670016166
QF_IDL/mathsat/fischer/FISCHER11-7-ninc.smt2,1,1.0032318779849447,1,5.899119913985487,1,0.39535990997683257,1,0.4745002439885866,1,0.5518069669924444
QF_IDL/mathsat/fischer/FISCHER12-1-ninc.smt2,1,0.22339930999442004,1,0.9715722839464433,1,0.24340868700528517,1,0.2780459980131127,1,0.2328702869999688
QF_IDL/mathsat/fischer/FISCHER12-10-ninc.smt2,1,10.7224714949989,1,488.7258991780109,1,12.84226255500107,1,22.60538327100221,1,14.431349849008257
QF_IDL/mathsat/fischer/FISCHER12-11-ninc.smt2,1,23.348868546978338,1,920.1487197759561,1,31.476009751000674,1,55.23435557199991,1,44.81680328199582
QF_IDL/mathsat/fischer/FISCHER12-12-ninc.smt2,1,49.583008159010205,0,1201.7162665190408,1,277.85104400201817,1,91.11548739799764,1,109.43226570199477
QF_IDL/mathsat/fischer/FISCHER12-4-ninc.smt2,1,0.4299679499818012,1,1.9231328830355778,1,0.22192593599902466,1,0.34779312601312995,1,0.3232170379924355
QF_IDL/mathsat/fischer/FISCHER13-12-ninc.smt2,1,152.592734758,0,1201.7430469459505,1,220.44084592402214,1,170.76851520099444,1,269.73072359900107
QF_IDL/mathsat/fischer/FISCHER13-13-ninc.smt2,1,421.8994545489986,0,1202.7476017759764,0,1201.2446815739968,1,1148.473311929003,0,1201.7400652020006
QF_IDL/mathsat/fischer/FISCHER13-5-ninc.smt2,1,0.6381978229910601,1,2.7284508959855884,1,0.22541464000823908,1,0.3380242330022156,1,0.3842234309995547
QF_IDL/mathsat/fischer/FISCHER14-15-ninc.smt2,1,23.336231288005365,0,1201.7145125659881,1,0.2418090130086057,1,0.764845301018795,1,627.9544358190033
QF_IDL/mathsat/fischer/FISCHER14-5-ninc.smt2,1,0.7112874320009723,1,2.8390264789923094,1,0.2268751509836875,1,0.3663366480031982,1,0.40421204498852603
QF_IDL/mathsat/fischer/FISCHER6-6-ninc.smt2,1,0.38637895599822514,1,2.6474923610221595,1,0.2612730569962878,1,0.35310395900160074,1,0.3889686460024677
QF_IDL/mathsat/fischer/FISCHER7-2-ninc.smt2,1,0.235800228008884,1,0.9356673480360769,1,0.21163889800664037,1,0.27844313700916246,1,0.2863757900049677
QF_IDL/mathsat/fischer/FISCHER7-5-ninc.smt2,1,0.36506195600668434,1,1.769046626985073,1,0.2280326710024383,1,0.3102401079959236,1,0.3050344259972917
QF_IDL/mathsat/fischer/FISCHER8-1-ninc.smt2,1,0.22095853500650264,1,0.8175458509940654,1,0.21109706099377945,1,0.269895132019883,1,0.22994837501028087
QF_IDL/mathsat/fischer/FISCHER8-4-ninc.smt2,1,0.3174547239905223,1,1.648622250999324,1,0.21641692699631676,1,0.324509477999527,1,0.3028788420051569
QF_IDL/mathsat/post_office/PO2-4-PO2.smt2,1,0.22474399900238495,1,0.9084789859480225,1,0.22900325700175017,1,0.27439584300736897,1,0.23536196700297296
QF_IDL/mathsat/post_office/PO2-5-PO2.smt2,1,0.23340638101217337,1,0.9456732890103012,1,0.22155288100475445,1,0.31857506700907834,1,0.24244789899967145
QF_IDL/mathsat/post_office/PO3-4-PO3.smt2,1,0.27707226198981516,1,1.592395514016971,1,0.2218742609838955,1,0.3322821439942345,1,0.285117289997288
QF_IDL/mathsat/post_office/PO3-9-PO3.smt2,1,1.3809394050040282,1,2.674233577970881,1,0.22747272401466034,1,0.3692410399962682,1,0.4420966559991939
QF_IDL/mathsat/post_office/PO4-6-PO4.smt2,1,3.213773316994775,1,5.652177301992197,1,0.23918818999663927,1,0.4512163730105385,1,0.7963403750036377
QF_IDL/parity/02.300.graph.smt2,1,1.5633514349901816,1,26.800419605046045,1,0.3843163209967315,1,1.3914585699967574,1,5.884361696997075
QF_IDL/parity/03.600.graph.smt2,1,39.55162914399989,1,497.9934194169473,1,1.1543110749917105,1,9.563462772988714,1,8.991453897993779
QF_IDL/parity/04.500.graph.smt2,1,6.516398902022047,1,127.58312427200144,1,0.6688734799972735,1,4.083514551981352,1,27.812649598999997
QF_IDL/parity/07.800.graph.smt2,1,5.883096068006125,0,1202.7160932220286,1,1.6408588830090594,1,45.67559943601373,1,13.540676767006516
QF_IDL/parity/09.400.graph.smt2,1,22.336340882990044,1,133.18234287999803,1,0.5446550240158103,1,2.7849290310114156,1,17.062822187988786
QF_IDL/parity/09.500.graph.smt2,1,68.10813493699243,1,222.0007758969441,1,1.1475475390034262,1,6.16497858799994,1,11.14275557200017
QF_IDL/parity/09.600.graph.smt2,1,57.845798258000286,1,480.55796975898556,1,1.4783340849971864,1,9.78758161701262,1,11.868628993004677
QF_IDL/parity/10.300.graph.smt2,1,1.7422372699948028,1,14.991677703044843,1,0.40401200400083326,1,1.081608665001113,1,4.023967023007572
QF_IDL/parity/13.400.graph.smt2,1,2.5463313740037847,1,75.2935603520018,1,0.4888948320003692,1,2.5938962679938413,1,3.5737942039995687
QF_IDL/parity/14.100.graph.smt2,1,0.24340233800467104,1,1.2532307119690813,1,0.2197413130197674,1,0.3177236370102037,1,0.3235381039994536
QF_IDL/parity/14.700.graph.smt2,1,365.8113523389911,0,1202.2179562799865,1,3.433073644002434,1,19.21036772200023,1,155.64070569101023
QF_IDL/parity/16.100.graph.smt2,1,0.27565124999091495,1,2.1139549900544807,1,0.22511968199978583,1,0.35453497897833586,1,0.38843195799563546
QF_IDL/parity/16.200.graph.smt2,1,0.5411405740014743,1,7.763150431972463,1,0.27140854598837905,1,0.5920442329952493,1,1.2563724200008437
QF_IDL/parity/16.700.graph.smt2,1,5.766405158996349,0,1202.7700622759876,1,0.8515938789932989,1,5.275542541989125,1,6.177287518003141
QF_IDL/parity/17.300.graph.smt2,1,0.9305279569962295,1,27.03979423904093,1,0.3740671180130448,1,1.0389659440261312,1,1.0080068179959198
QF_IDL/parity/19.400.graph.smt2,1,5.0677022879972355,1,65.70023793797009,1,0.45544070200412534,1,2.3264190870104358,1,4.722219480012427
QF_IDL/parity/19.800.graph.smt2,1,175.56404560898955,0,1202.7187023960287,1,2.2848570620117243,1,55.12690674801706,1,21.66004147300555
QF_IDL/parity/20.500.graph.smt2,1,2.4185782989952713,1,151.20383414602838,1,0.6295543170126621,1,4.560964678006712,1,5.690186271007406
QF_IDL/parity/20.700.graph.smt2,1,5.218784265991417,0,1202.766417987994,1,1.3756010160141159,1,19.87076183001045,1,11.94092425898998
QF_IDL/parity/21.700.graph.smt2,0,1201.228050877995,0,1202.2221983809723,1,29.7285761339881,1,70.91879375401186,1,167.59007711500453
QF_IDL/parity/22.400.graph.smt2,1,7.292883204994723,1,75.56483873096295,1,0.5083661649841815,1,2.6347540529968683,1,4.991900223001721
QF_IDL/parity/22.500.graph.smt2,1,6.5258036390005145,1,113.4045068739797,1,0.6516552499961108,1,3.695301303989254,1,7.11891239999386
QF_IDL/parity/25.200.graph.smt2,1,0.4843663930078037,1,5.061369950999506,1,0.3196204229898285,1,0.5164383400115184,1,1.2163052989926655
QF_IDL/parity/26.700.graph.smt2,1,56.96773559899884,1,706.5451291730278,1,1.6026571440161206,1,15.54359552601818,1,69.26124984800117
QF_IDL/parity/28.500.graph.smt2,1,21.031781322002644,1,224.93109507794725,1,0.7008659580023959,1,5.793073639011709,1,11.85594531300012
QF_IDL/parity/29.500.graph.smt2,1,4.281463054998312,1,206.55629677302204,1,0.6668524350097869,1,4.58504498298862,1,5.818378721000045
QF_IDL/parity/30.200.graph.smt2,1,0.5371736740053166,1,5.145656964974478,1,0.2642270789947361,1,0.5870725279964972,1,1.6953542249975726
QF_IDL/parity/31.400.graph.smt2,1,1.4211481969978195,1,51.81643110298319,1,0.35839741802192293,1,1.2818837339873426,1,1.7873792900063563
QF_IDL/planning/plan-30.cvc.smt2,1,1.0602647589985281,1,5.567876184009947,1,0.33273967599961907,1,0.499041031987872,1,0.5736526749969926
QF_IDL/planning/plan-38.cvc.smt2,1,1.6569565999961924,1,18.74742630397668,1,0.46792535699205473,1,0.7121651299821679,1,1.0303210400015814
QF_IDL/planning/plan-42.cvc.smt2,1,2.2128300979966298,1,21.10102734999964,1,0.7169510409876239,1,0.8597816349938512,1,1.1555546419986058
QF_IDL/planning/plan-7.cvc.smt2,1,0.25897179599269293,1,1.082094403973315,1,0.21336453899857588,1,0.2987341019907035,1,0.2523615259997314
QF_IDL/qlock/qlock-4-10-11.base.cvc.smt2,1,6.4120862600102555,1,15.825201334024314,1,0.5484864020254463,1,0.7260392839962151,1,0.96669413500058
QF_IDL/qlock/qlock-4-10-20.base.cvc.smt2,1,599.4629732419999,0,1202.7205307719996,1,68.01644844099064,1,28.04826789398794,1,30.57852006999019
QF_IDL/qlock/qlock-4-10-20.induction.cvc.smt2,1,3.9655803720088443,1,4.240691051003523,1,0.33620151798822917,1,0.48692041900358163,1,1.3283119379921118
QF_IDL/qlock/qlock-4-10-25.base.cvc.smt2,0,1201.2257129280188,0,1202.2713112030178,0,1201.2158811400004,1,103.01908337001805,1,278.2458366780047
QF_IDL/qlock/qlock-4-10-26.base.cvc.smt2,0,1201.2209797200048,0,1202.2440376940067,0,1201.2168285709922,1,130.3362487909908,1,431.4792668049922
QF_IDL/qlock/qlock-4-10-27.induction.cvc.smt2,1,4.667746179999085,1,6.152938562037889,1,0.33273116999771446,1,0.7967598290124442,1,2.6521642279985826
QF_IDL/qlock/qlock-4-10-29.base.cvc.smt2,0,1201.225478681008,0,1202.26876119402,0,1201.2619752089959,1,198.5164950909966,0,1201.7181269260036
QF_IDL/qlock/qlock-4-10-29.induction.cvc.smt2,1,4.9058985720039345,1,12.865972809959203,1,0.4929470090137329,1,0.7283330920035951,1,2.5008922809938667
QF_IDL/qlock/qlock-4-10-36.induction.cvc.smt2,1,13.848409760990762,1,10.800413462042343,1,0.6998588800197467,1,0.7714236179890577,1,8.11329368200677
QF_IDL/qlock/qlock-4-10-6.base.cvc.smt2,1,0.3792510619969107,1,2.095162026002072,1,0.2299272810050752,1,0.3311097620171495,1,0.3500052479939768
QF_IDL/qlock/qlock-4-10-6.induction.cvc.smt2,1,0.3150213249900844,1,1.4781842550146393,1,0.22593962601968087,1,0.3344390620186459,1,0.3354411059990525
QF_IDL/qlock/qlock-4-10-7.base.cvc.smt2,1,0.4477494229795411,1,2.9206662100041285,1,0.2523445659899153,1,0.40010845800861716,1,0.399014205991989
QF_IDL/queens_bench/n_queen/queen34-1.smt2,1,10.719385317992419,1,12.237465690996032,1,0.2291010020126123,1,0.40591269501601346,1,10.30029924500559
QF_IDL/queens_bench/n_queen/queen38-1.smt2,1,17.24469392397441,1,13.308036939997692,1,0.34495532797882333,1,0.5086426089983433,1,7.147192116011865
QF_IDL/queens_bench/n_queen/queen51-1.smt2,1,36.127351661998546,1,57.83944526000414,1,0.28412639201269485,1,0.45970160502474755,1,15.303465706005227
QF_IDL/queens_bench/n_queen/queen66-1.smt2,1,77.1114489770116,0,1201.7413972730283,1,0.41692495698225684,1,1.0269027589820325,1,63.401153291008086
QF_IDL/queens_bench/n_queen/queen67-1.smt2,1,99.63001897399954,0,1201.7138266559923,1,0.34051293300581165,1,0.6321498330216855,1,69.70403565099696
QF_IDL/queens_bench/n_queen/queen90-1.smt2,1,298.84282232601254,0,1201.7499459100072,1,0.49782494601095095,1,1.0499914080137387,1,261.7142125600076
QF_IDL/queens_bench/super_queen/super_queen14-1.smt2,1,0.39129446499282494,1,1.0559348710230552,1,0.21608227901742794,1,0.2743412739946507,1,0.4387395289959386
QF_IDL/queens_bench/super_queen/super_queen15-1.smt2,1,1.1044839120004326,1,2.494565044005867,1,0.2186147790052928,1,0.3178918109915685,1,0.35015821299748495
QF_IDL/queens_bench/super_queen/super_queen19-1.smt2,1,2.199749391002115,1,2.5915377070195973,1,0.21840936999069527,1,0.2760213889996521,1,0.48957752900605556
QF_IDL/queens_bench/super_queen/super_queen20-1.smt2,1,1.4296806630009087,1,4.362733535002917,1,0.21946915099397302,1,0.31949448899831623,1,1.2449136010109214
QF_IDL/queens_bench/super_queen/super_queen22-1.smt2,1,3.3891891940002097,1,3.3714905619854107,1,0.21838095498969778,1,0.28041823700186796,1,1.2621901509992313
QF_IDL/queens_bench/super_queen/super_queen26-1.smt2,1,4.565343644993845,1,3.083199080952909,1,0.22603053101920523,1,0.28317658900050446,1,1.1822613880067365
QF_IDL/queens_bench/super_queen/super_queen30-1.smt2,1,8.566316560012638,1,4.754674616968259,1,0.23873311100760475,1,0.36462401802418754,1,3.6422713240026496
QF_IDL/queens_bench/super_queen/super_queen33-1.smt2,1,15.22554766399844,1,20.713614148029592,1,0.26821932999882847,1,0.3825582959980238,1,5.959728514004382
QF_IDL/queens_bench/super_queen/super_queen47-1.smt2,1,52.43805848600459,1,67.20777981204446,1,0.2501575739879627,1,0.41271219300688244,1,12.561405586006003
QF_IDL/queens_bench/super_queen/super_queen48-1.smt2,1,34.37166190800781,1,38.901276927033905,1,0.49017996099428274,1,0.48489400997641496,1,23.18336292100139
QF_IDL/queens_bench/super_queen/super_queen56-1.smt2,1,83.68206955099595,1,164.30582514201524,1,0.45484649200807326,1,0.7701643499894999,1,32.162125802002265
QF_IDL/queens_bench/super_queen/super_queen60-1.smt2,1,76.32061026699375,1,148.5612973520183,1,0.3163262529997155,1,1.106526877003489,1,35.895650204998674
QF_IDL/queens_bench/super_queen/super_queen73-1.smt2,1,154.41882596499636,0,1201.7134048000444,1,0.4122212509973906,1,1.3860814179934096,1,139.69058023300022
QF_IDL/queens_bench/super_queen/super_queen83-1.smt2,1,310.1071709530079,0,1201.756413227995,1,0.4514609489997383,1,0.8856303910142742,1,130.55886468700191
QF_IDL/queens_bench/super_queen/super_queen88-1.smt2,1,331.43970581800386,0,1201.7407618259895,1,0.5753310160071123,1,2.376547176972963,1,172.99591831500584
QF_IDL/queens_bench/super_queen/super_queen92-1.smt2,1,524.5399079959898,0,1201.7455942159868,1,6.526654518005671,1,1.226272700005211,1,253.46393136799452
QF_IDL/queens_bench/super_queen/super_queen93-1.smt2,1,473.72651272901567,0,1201.716103609011,1,1.623719989991514,1,1.358015757985413,1,192.0740641230077
QF_IDL/queens_bench/super_queen/super_queen94-1.smt2,1,453.4621847830131,0,1201.7661488149897,1,0.7527349809824955,1,2.7069611879996955,1,235.89427265500126
QF_IDL/queens_bench/super_queen/super_queen97-1.smt2,1,559.0187037090072,0,1201.730019478011,1,0.7127179760136642,1,1.4252611090196297,1,250.40745997300837
QF_IDL/queens_bench/toroidal_bench/toroidal_queen12-1.smt2,1,19.155227743001888,1,86.46562980499584,1,1.8760239229886793,1,0.3233396479918156,1,15.082647678995272
QF_IDL/queens_bench/toroidal_bench/toroidal_queen15-1.smt2,0,1201.2206858080026,0,1202.7547407360398,0,1201.2227174720028,1,4.328574190993095,0,1201.7123655229952
QF_IDL/queens_bench/toroidal_bench/toroidal_queen43-1.smt2,0,1201.218754274989,0,1201.7431151689962,1,112.63720229800674,0,1201.741832840984,0,1201.7109939180082
QF_IDL/queens_bench/toroidal_bench/toroidal_queen49-1.smt2,0,1201.2156225009821,0,1201.7162999549764,0,1201.2147953939857,0,1201.743893767998,0,1201.7412114280014
QF_IDL/queens_bench/toroidal_bench/toroidal_queen53-1.smt2,0,1201.215442323999,0,1201.7549418980489,0,1201.2233660039783,0,1201.7291466489842,0,1201.7172284849948
QF_IDL/queens_bench/toroidal_bench/toroidal_queen56-1.smt2,0,1201.2176140140073,0,1201.7445112720015,0,1201.2481521920126,0,1201.7388750239916,0,1201.7242933439993
QF_IDL/queens_bench/toroidal_bench/toroidal_queen57-1.smt2,0,1201.2175623929943,0,1201.7176060049678,0,1201.2218456879782,0,1201.7199433879869,0,1201.7353905330092
QF_IDL/queens_bench/toroidal_bench/toroidal_queen59-1.smt2,0,1201.2128325079975,0,1201.7193682279903,0,1201.2201573690108,0,1201.7413556599931,0,1201.721873189992
QF_IDL/queens_bench/toroidal_bench/toroidal_queen61-1.smt2,0,1201.239730729023,0,1201.7778473370126,0,1201.2487453150097,0,1201.7105723700079,0,1201.71580778301
QF_IDL/queens_bench/toroidal_bench/toroidal_queen65-1.smt2,0,1201.222273605992,0,1201.7677467290196,0,1201.2520885799895,0,1201.7129999129975,0,1201.713290298998
QF_IDL/queens_bench/toroidal_bench/toroidal_queen68-1.smt2,0,1201.2323570839944,0,1201.7452283279854,0,1201.2237934379955,0,1201.7158762649924,0,1201.7405523289926
QF_IDL/queens_bench/toroidal_bench/toroidal_queen78-1.smt2,0,1201.2135085330228,0,1201.7190280780196,0,1201.225559722021,0,1201.7234966240067,0,1201.7211295309971
QF_IDL/queens_bench/toroidal_bench/toroidal_queen83-1.smt2,0,1201.2144405019935,0,1201.7233735519985,0,1201.2152279680013,0,1201.7125249840028,0,1201.714628457994
QF_IDL/queens_bench/toroidal_bench/toroidal_queen91-1.smt2,0,1201.219148210017,0,1201.743568527978,0,1201.2487615169957,0,1201.723203260015,0,1201.7173284780001
QF_IDL/queens_bench/toroidal_bench/toroidal_queen92-1.smt2,0,1201.2121675219823,0,1201.7183222580352,0,1201.253897366987,0,1201.736511272,0,1201.7176003579953
QF_IDL/queens_bench/toroidal_bench/toroidal_queen93-1.smt2,0,1201.2248234739964,0,1201.7519419139717,0,1201.2212628279813,0,1201.7156856809743,0,1201.733133185
QF_IDL/sal/bakery/inf-bakery-invalid-8.smt2,1,0.2169845680036815,1,0.685287405969575,1,0.21316707899677567,1,0.2760884700110182,1,0.2842096669919556
QF_IDL/sal/bakery/inf-bakery-mutex-13.smt2,1,0.24425019200134557,1,1.722852134029381,1,0.22194878000300378,1,0.30499612298444845,1,0.2739726290019462
QF_IDL/sal/lpsat/lpsat-goal-12.smt2,1,0.4042633330100216,1,5.717963722010609,1,0.2983660149911884,1,0.4334370120195672,1,0.391139197992743
QF_IDL/sal/lpsat/lpsat-goal-18.smt2,1,1.595982240018202,1,62.22153092303779,1,0.8069732389994897,1,1.2762632860103622,1,0.956724778006901
QF_IDL/sal/lpsat/lpsat-goal-3.smt2,1,0.22446183000283781,1,0.9030506110284477,1,0.2123019929858856,1,0.28438730398193,1,0.2573828129970934
QF_IDL/sal/lpsat/lpsat-goal-6.smt2,1,0.2621791349956766,1,1.8847744589438662,1,0.22598210300202481,1,0.3285539929929655,1,0.2782994180015521
QF_IDL/schedulingIDL/gp10_03_mkspan1082.smt2,1,3.1197193949919892,1,42.188808109029196,1,0.2912149050098378,1,0.728198261000216,1,5.242267220004578
QF_IDL/schedulingIDL/j6_per0_0_mkspan1068.smt2,1,0.7833916270174086,1,8.713680554006714,1,0.797711477993289,1,0.7713042830000632,1,4.211986893002177
QF_IDL/schedulingIDL/j7_per0_0_mkspan1053.smt2,1,438.7276798149978,1,862.0668238889775,1,252.8889840389893,1,177.84512102100416,1,515.632208201001
QF_IDL/schedulingIDL/j7_per0_2_mkspan1039.smt2,1,3.647119051995105,1,34.850186555006076,1,0.9310445119917858,1,0.8738836609991267,1,3.8856733979919227
QF_IDL/schedulingIDL/j7_per10_1_mkspan1000.smt2,1,2.6395894500019494,1,27.208136282977648,1,0.36180005900678225,1,0.8429056789900642,1,4.155687763006426
QF_IDL/schedulingIDL/j7_per10_2_mkspan1027.smt2,1,5.149751321005169,1,7.075021250988357,1,0.2944549579988234,1,1.0748110699933022,1,8.770744873996591
QF_IDL/schedulingIDL/j7_per20_2_mkspan1003.smt2,1,5.364640772007988,1,8.050143275992014,1,0.25074452097760513,1,0.4618661849817727,1,6.9237757149967365
QF_IDL/schedulingIDL/j7_per20_2_mkspan1004.smt2,1,3.727331066998886,1,5.876721296983305,1,0.32217465198482387,1,0.5360751909902319,1,3.9948564780061133
QF_IDL/schedulingIDL/j7_per20_2_mkspan1009.smt2,1,1.5721733540121932,1,9.84299822000321,1,0.25796155200805515,1,0.3291992660087999,1,1.0250527619937202
QF_IDL/schedulingIDL/j8_per0_1_mkspan1077.smt2,1,0.7272371140134055,1,41.24045095400652,1,0.29142818102263846,1,0.40241409398731776,1,2.6812183129950427
QF_IDL/schedulingIDL/j8_per0_2_mkspan1027.smt2,1,10.14962685998762,1,77.7094559490215,1,1.422774765000213,1,2.0166079270129558,1,7.753882349003106
QF_IDL/schedulingIDL/j8_per10_0_mkspan1017.smt2,1,64.30682757399336,1,942.9303385040257,1,0.42067356800544076,1,16.621763738017762,1,87.27682956599165
QF_IDL/schedulingIDL/j8_per10_0_mkspan1024.smt2,1,10.00310479500331,1,521.0321454980294,1,1.6930520400055684,1,4.209307612996781,1,34.70177096899715
QF_IDL/schedulingIDL/j8_per10_1_mkspan1002.smt2,1,596.4618881450006,0,1201.7148380349972,1,1.7169364870060235,1,120.42787993399543,1,119.21464288599964
QF_IDL/schedulingIDL/j8_per10_1_mkspan1009.smt2,1,24.06106935100979,1,864.1994074190152,1,0.8029266279772855,1,5.886358285002643,1,6.543835880002007
QF_IDL/schedulingIDL/j8_per20_0_mkspan1008.smt2,1,1.3681642130104592,1,8.625065396015998,1,0.25018772401381284,1,0.38015981498756446,1,1.4377116699906765
QF_IDL/schedulingIDL/j8_per20_2_mkspan1000.smt2,1,2.256115291995229,1,58.87285745097324,1,0.25411405801423825,1,0.3632384340162389,1,4.0073775540076895
QF_IDL/schedulingIDL/j8_per20_2_mkspan1009.smt2,1,1.4960534299898427,1,8.072042111016344,1,0.2331955200061202,1,0.32043872599024326,1,3.662120324996067
QF_IDL/schedulingIDL/tai_10x10_1_mkspan645.smt2,1,4.588257723997231,1,102.09374237497104,1,0.32540667700232007,1,0.5440214829868637,1,8.393747788999463
QF_IDL/schedulingIDL/tai_10x10_5_mkspan642.smt2,1,1.6981541740096873,1,172.9137278739945,1,0.2916311970038805,1,0.37803527200594544,1,7.900918468993041
QF_IDL/schedulingIDL/tai_10x10_7_mkspan620.smt2,1,1.1078385250002611,1,219.39875301904976,1,0.2901073220127728,1,0.4351511400018353,1,5.539383035997162
QF_IDL/schedulingIDL/tai_15x15_10_mkspan902.smt2,1,10.260150510002859,0,1201.716304794012,1,0.7466738399816677,1,1.2223805649846327,1,287.6895314239955
QF_IDL/schedulingIDL/tai_15x15_10_mkspan903.smt2,1,9.525190714004566,0,1201.7191357580014,1,0.6471621569944546,1,1.5049416669935454,1,308.2638553380093
QF_IDL/schedulingIDL/tai_15x15_10_mkspan904.smt2,1,7.011349130014423,0,1201.7166832719813,1,0.5261177210195456,1,1.3672783999936655,1,239.38284501699673
QF_IDL/schedulingIDL/tai_15x15_1_mkspan962.smt2,1,9.095616092992714,0,1201.716882366978,1,0.5050472629955038,1,0.8352052470145281,1,105.23121581500163
QF_IDL/schedulingIDL/tai_15x15_2_mkspan919.smt2,1,15.53875038298429,0,1201.7175260329968,1,0.8872010039922316,1,1.7846429329947568,1,198.35067276698828
QF_IDL/schedulingIDL/tai_15x15_2_mkspan921.smt2,1,20.709980026003905,0,1201.7199530719663,1,0.9668508539907634,1,1.5375903460080735,1,227.4160147329967
QF_IDL/schedulingIDL/tai_15x15_4_mkspan1176.smt2,1,3.8973039809789043,1,56.1532636040356,1,0.47849314101040363,1,0.9706264279957395,1,18.35736568600987
QF_IDL/schedulingIDL/tai_15x15_5_mkspan946.smt2,1,17.00655235700833,0,1201.7453584889881,1,0.8673852030187845,1,1.882677728019189,1,163.5333140290022
QF_IDL/schedulingIDL/tai_15x15_8_mkspan893.smt2,1,13.873844267000095,0,1201.744349731016,1,0.6496252329961862,1,1.0587767729884945,1,86.23775229298917
QF_IDL/schedulingIDL/tai_15x15_8_mkspan900.smt2,1,7.924923094993574,0,1201.721034510003,1,0.5488768420182168,1,1.1323690069839358,1,120.60500810100348
QF_IDL/schedulingIDL/tai_20x20_2_mkspan1323.smt2,1,75.63976015000662,0,1201.7171018000226,1,1.6433471360069234,1,5.185964981006691,0,1201.7356176860048
QF_IDL/schedulingIDL/tai_20x20_3_mkspan1259.smt2,1,55.92571575399779,0,1201.717984989984,1,2.811003951006569,1,6.786002239998197,0,1201.724224592006
QF_IDL/schedulingIDL/tai_20x20_3_mkspan1266.smt2,1,66.61362196499249,0,1201.7199166499777,1,2.139321226015454,1,6.920536618999904,0,1201.7222834239947
QF_IDL/schedulingIDL/tai_20x20_5_mkspan1257.smt2,1,57.562655448011355,0,1201.71632959001,1,2.0290158779826015,1,9.559368804999394,0,1201.7157399660064
QF_IDL/schedulingIDL/tai_20x20_5_mkspan1588.smt2,1,47.02573500800645,0,1201.7480710590025,1,1.2518403269932605,1,4.416028312989511,1,394.50644501800707
QF_IDL/schedulingIDL/tai_20x20_6_mkspan1204.smt2,1,78.86169299099129,0,1201.7181476019905,1,3.031603212992195,1,16.406714026001282,0,1201.7201223189913
QF_IDL/schedulingIDL/tai_20x20_6_mkspan1209.smt2,1,86.97879011199984,0,1201.7526753119892,1,2.1344370389997493,1,7.2439094750152435,0,1201.7139251270128
QF_IDL/schedulingIDL/tai_20x20_6_mkspan1225.smt2,1,50.34165214499808,0,1201.7462647110224,1,2.0551813429920003,1,5.995928824995644,0,1201.7508211359964
QF_IDL/schedulingIDL/tai_20x20_7_mkspan1298.smt2,1,76.87743339998997,0,1201.7534283669665,1,2.759569563990226,1,6.386767315998441,0,1201.713140381995
QF_IDL/schedulingIDL/tai_20x20_7_mkspan1332.smt2,1,71.76519921098952,0,1201.7578276579734,1,2.4917543480114546,1,5.389384121022886,0,1201.7326019480097
QF_IDL/schedulingIDL/tai_20x20_8_mkspan1214.smt2,1,60.56109667001874,0,1201.7206520269974,1,1.7434014180034865,1,6.77846159398905,0,1201.7164653679938
QF_IDL/sep/hardware/OOO_neg.3steps.smt2,1,0.26704245900327805,1,1.0930962479906157,1,0.21362493201741017,1,0.2889632059959695,1,0.2614387050125515
