path,SMTInterpol,,cvc5,,iProver,
,solved,runtime,solved,runtime,solved,runtime
UFLIA/RicartAgrawala/ricart-agrawala1.smt2,1,10.533538449963089,1,0.2839090218767524,1,52.55663820402697
UFLIA/boogie/AdditiveMethods_AdditiveMethods.N.smt2,0,1201.7196482539875,1,1.089819893008098,0,1201.7228730539791
UFLIA/boogie/AdditiveMethods_OwnedResults.F0.smt2,0,1201.719827201974,1,0.2821442869026214,0,1201.7380690318532
UFLIA/boogie/AdditiveMethods_OwnedResults.F5.smt2,0,1201.7171289710095,0,1201.7135818549432,0,1201.7231500081252
UFLIA/boogie/AdditiveMethods_Sub.StartHere1_AdditiveMethods_notnull.smt2,0,1201.7415666499874,0,1201.711231553927,0,1201.7354637531098
UFLIA/boogie/AdditiveMethods_Sub.Z.smt2,0,1201.7416607820196,0,1201.712518810993,0,1201.7399787670001
UFLIA/boogie/AdvancedTypes_AdvancedTypes.Advanced4_P_notnull-orderStrength_1.smt2,0,1201.7198185999878,1,0.4972164770588279,0,1201.7484234508593
UFLIA/boogie/AdvancedTypes_AdvancedTypes.Advanced6_JKL_notnull-orderStrength_1.smt2,0,1201.744274190045,1,0.5029457730706781,1,827.7173672718927
UFLIA/boogie/AdvancedTypes_P..ctor-orderStrength_1.smt2,0,1201.7436760609853,1,0.485193575033918,0,1201.739770116983
UFLIA/boogie/AllocBeforeLoop_Test.Method-modifiesOnLoop-noinfer.smt2,0,1201.7439148080302,0,1201.7115464329254,0,1201.734421556117
UFLIA/boogie/Alloc_T..ctor.smt2,0,1201.7184109989903,1,0.3474057810381055,0,1201.7377843949944
UFLIA/boogie/Array2_test3.MyClass2..ctor.smt2,1,23.97019352897769,1,0.3160411990247667,0,1201.7619011509232
UFLIA/boogie/Array2_test3.MyClass2.M2_System.Int32.array2_notnull.smt2,0,1201.743520707998,0,1201.7135210160632,0,1201.7261409468483
UFLIA/boogie/Array_test3.MyClass.Allocate0_System.Int32.smt2,0,1201.747693918005,0,1201.712508304976,0,1201.75046699401
UFLIA/boogie/Array_test3.MyClass.M2_test3.MyClass.array2_notnull.smt2,0,1201.718292829988,1,0.3111292060930282,1,822.6013770310674
UFLIA/boogie/Arrays_P2-noinfer.smt2,0,1202.2436493390123,0,1201.7161739978474,0,1201.7267823840957
UFLIA/boogie/AssignToNonInvariantField_AnotherClient.UpdateTheRep_Good.smt2,0,1201.7174140660209,1,3.0961090011987835,0,1201.7384573651943
UFLIA/boogie/AssignToNonInvariantField_T.Me.smt2,0,1201.7438626189833,0,1201.740056589013,0,1201.7310557148885
UFLIA/boogie/Assumptions_Assumptions.Swap_System.Boolean.smt2,0,1201.7433104040101,1,3.108333268901333,0,1201.725958201103
UFLIA/boogie/Assumptions_Sub.M.smt2,0,1201.7184470469947,0,1201.7128537620883,0,1201.7257482840214
UFLIA/boogie/BClient_Client.Q_MyClass_notnull_System.Boolean_System.Boolean.smt2,0,1201.722057573963,0,1201.7122758110054,0,1201.7218795339577
UFLIA/boogie/Bag0_Bag..ctor_System.Int32.array.smt2,0,1201.7182598300278,0,1201.7354164691642,0,1201.7244582960848
UFLIA/boogie/Bag2_Bag.Add_System.Int32.smt2,0,1201.716698047996,0,1201.7408479261212,0,1201.7361570908688
UFLIA/boogie/Bag5_Bag..ctor_System.Int32.array_notnull_System.Int32_System.Int32.smt2,0,1201.741954053985,1,2.578900614986196,0,1201.7338718948886
UFLIA/boogie/Bag7_Bag..ctor_System.Int32.array_notnull.smt2,0,1201.7187810200267,1,1.4851518550422043,0,1201.7303855798673
UFLIA/boogie/BasicMethodology_BasicMethodology.SpecSharp.CheckInvariant_System.Boolean.smt2,1,316.4202633599634,1,0.30681097810156643,1,533.5088764079846
UFLIA/boogie/BasicMethodology_CS.test3.smt2,0,1201.7169872199884,1,13.239400059916079,0,1201.7381404540502
UFLIA/boogie/BoxedInt_BoxedInt..ctor.smt2,0,1201.7424087810214,1,0.3402626379393041,0,1201.7379965251312
UFLIA/boogie/BoxedInt_BoxedInt.P_System.Double.smt2,0,1201.7190115689882,0,1201.7149970638566,0,1201.7253788928501
UFLIA/boogie/Branching_T..ctor.smt2,0,1201.720837618981,1,0.3094971680548042,0,1201.7288026791066
UFLIA/boogie/CallLoop_Test.Method-modifiesOnLoop-noinfer.smt2,0,1202.2207080560038,1,0.384468040894717,0,1201.738175904844
UFLIA/boogie/Capture_Capture.Caller1_System.Object_notnull.smt2,0,1201.7178031739895,0,1201.7433759009,0,1201.7494215469342
UFLIA/boogie/Change769_B..ctor.smt2,1,75.12530714500463,1,0.35468683391809464,0,1201.7386143128388
UFLIA/boogie/Change769_Test6..ctor.smt2,1,70.30333491798956,1,0.3490717909298837,0,1201.7473405720666
UFLIA/boogie/Change769_Test7..ctor.smt2,1,69.22418170800665,1,0.3791175161022693,0,1201.739646396134
UFLIA/boogie/Chunker11-AdditiveExpose_Chunker..ctor_System.String_notnull_System.Int32.smt2,0,1201.7532739929738,1,1.238756146049127,0,1201.7326703080907
UFLIA/boogie/Chunker11a_Chunker..ctor_System.String_notnull_System.Int32.smt2,0,1201.7211805999978,1,1.0001025840174407,0,1201.722577852197
UFLIA/boogie/Chunker11b_Chunker..ctor_System.String_notnull_System.Int32.smt2,0,1201.7173908789991,1,1.2960248801391572,0,1201.726742861094
UFLIA/boogie/Chunker1_Chunker.NextChunk.smt2,0,1201.720199997013,0,1201.713203642983,0,1201.7472805019934
UFLIA/boogie/CommittedOblivious_CO..ctor.smt2,0,1201.7187714799657,1,1.1194386440329254,0,1201.7216130818706
UFLIA/boogie/CommittedOblivious_CO.P.smt2,0,1201.7691013540025,0,1201.7120306349825,0,1201.7242724678945
UFLIA/boogie/ConstructorVisibility_BinaryExpr..ctor_System.Int32_Expr_notnull_Expr_notnull.smt2,0,1201.717780498031,1,4.523119915975258,0,1201.7286328740884
UFLIA/boogie/ConstructorVisibility_Visitor..ctor.smt2,0,1202.217190794996,1,0.3371806750074029,0,1201.7327938680537
UFLIA/boogie/Delegate_Delegate..ctor.smt2,0,1201.745520994009,1,0.9175240870099515,0,1201.7293154129293
UFLIA/boogie/DoWhileBad_Test..ctor.smt2,0,1201.7191706320154,1,0.3117946940474212,0,1201.7327027700376
UFLIA/boogie/DoWhileBad_Test.Copy_System.Int32.smt2,0,1201.7172777329688,0,1201.7124731349759,0,1201.7508106599562
UFLIA/boogie/DoWhileGood_Test..ctor.smt2,0,1201.7193933910457,1,0.3122008768841624,0,1201.729798106011
UFLIA/boogie/DynamicTypes_DynamicTypes..ctor.smt2,1,232.50027324596886,1,0.3454035520553589,0,1201.7436545980163
UFLIA/boogie/DynamicTypes_DynamicTypes.N1.smt2,0,1201.7191658910015,0,1201.7373772601131,0,1201.7297831259202
UFLIA/boogie/DynamicTypes_Sub1.M.smt2,0,1201.7199344490073,0,1201.7135095128324,0,1201.7314759639557
UFLIA/boogie/EnsuresFalse_C.foo.smt2,0,1201.712960503006,0,1201.7152066009585,0,1201.7262720679864
UFLIA/boogie/Ensures_Q-noinfer_4.smt2,0,1202.2235054469784,0,1201.7137521910481,0,1201.734267263906
UFLIA/boogie/ExactTypes_W..ctor.smt2,0,1201.7421236399678,1,0.397520552854985,0,1201.7448974689469
UFLIA/boogie/ExactTypes_X..ctor.smt2,0,1201.7231962279766,1,0.4002360999584198,0,1201.7325808831956
UFLIA/boogie/ExposeVersion_A.FieldUpdateOnOtherWithMethodQuery_A_notnull_A_notnull-level_2.smt2,0,1201.7187530120136,1,1.2915687870699912,0,1201.7194115640596
UFLIA/boogie/ExposeVersion_A.setValue_System.Int32-level_2.smt2,0,1201.7449457319453,1,0.3878072900697589,1,223.64631731202826
UFLIA/boogie/ExposeVersion_X..ctor-level_2.smt2,0,1201.7376765899826,1,0.4769931719638407,0,1201.726762430044
UFLIA/boogie/Factory_Test.N.smt2,0,1201.7216539540095,1,0.35431295190937817,0,1201.741032143822
UFLIA/boogie/Finally_ReturnFinally.N-modifiesOnLoop.smt2,0,1201.7497786850436,0,1201.7179782870226,0,1201.7252466890495
UFLIA/boogie/FormulaTerm2_PX-noinfer.smt2,0,1.2805294229765423,0,1201.7126816450618,0,1201.7324510707986
UFLIA/boogie/Immutable_test3.C.M0.smt2,0,1201.7772148009972,0,1201.7155529321171,0,1201.7556323129684
UFLIA/boogie/Immutable_test3.Typeof.M_test3.Typeof_notnull.smt2,0,1201.7234920539777,1,0.5010401371400803,0,1201.7252346798778
UFLIA/boogie/Immutable_test3.XY.M1_test3.Imtbl.smt2,0,1201.7207357810112,0,1201.7218518378213,0,1201.729249378899
UFLIA/boogie/LocalExpose_T.M2.smt2,0,1201.7181596779847,0,1201.7120163540822,0,1201.7519645250868
UFLIA/boogie/LocalExpose_T.V1.smt2,0,1201.7206000720034,0,1201.7145887520164,0,1201.7415639129467
UFLIA/boogie/LocalExpose_U..ctor.smt2,0,1201.7437467290438,1,0.5107665590476245,0,1201.7250649330672
UFLIA/boogie/ModifiesClauses_ModifiesClauses.Test1_C_notnull.smt2,0,1201.7172146100202,0,1201.7172068799846,0,1201.7229439739604
UFLIA/boogie/Modifies_Arraytests.Main-level_2.smt2,0,1201.7202930290368,0,1201.731854448095,0,1201.7300978610292
UFLIA/boogie/Modifies_Arraytests.P0_System.String.array-level_2.smt2,0,1201.742840034014,1,0.3901877091266215,0,1201.7382666321937
UFLIA/boogie/Modifies_T..ctor-level_2.smt2,0,1201.7169105989742,1,0.3916979720816016,0,1201.7243747869506
UFLIA/boogie/MustOverride_Ex4.B..ctor.smt2,1,64.79723908100277,1,0.35390599886886775,0,1201.7811943669803
UFLIA/boogie/ParamInAssert_Test.Bar_System.Int32.smt2,0,1201.7425856000045,0,1201.731162674958,0,1201.7260474509094
UFLIA/boogie/ParamOut_Test..ctor.smt2,0,1201.7189725830103,1,0.33141172188334167,0,1201.7371321870014
UFLIA/boogie/PeerFields_Parent.M.smt2,0,1201.7415530519793,1,2.3017875058576465,0,1201.7477312108967
UFLIA/boogie/PeerModifiesClauses_Homeboy.A-level_2.smt2,0,1201.7442023199983,0,1201.711803433951,0,1201.7421698318794
UFLIA/boogie/PeerModifiesClauses_Homeboy.E-level_2.smt2,0,1201.7190224789665,0,1201.7132686271798,0,1201.7488830040675
UFLIA/boogie/PureCall_Test.FieldLikeTest.smt2,0,1201.7469584369683,0,1201.713019565912,0,1201.7327803950757
UFLIA/boogie/PureReceiverMightBeCommitted_C.O.smt2,0,1201.7423394229845,1,0.33571085007861257,0,1201.7299262101296
UFLIA/boogie/Search_Search.Reverse_Mul_System.Int32.array_notnull-noinfer.smt2,0,1201.7428847090341,1,0.3366169461514801,0,1201.7235763520002
UFLIA/boogie/SimpleAssignments2_SimpleAssignments2.DivisionByZero-infer_i.smt2,0,1201.7421883270144,0,1201.709896678105,0,1201.7189841161016
UFLIA/boogie/SimpleWhile3_SimpleWhile3..ctor-infer_i.smt2,0,1201.7243065169896,1,0.31729521602392197,0,1201.725436664885
UFLIA/boogie/Spouse_Person.A0_System.Object_notnull.smt2,0,1201.7420817720122,0,1201.7111973990686,0,1201.7384568480775
UFLIA/boogie/StaticFields_StaticFields..ctor.smt2,0,1201.7179099500063,1,0.3334347950294614,0,1201.7474708380178
UFLIA/boogie/StaticFields_StaticFields.N.smt2,0,1201.746633222967,0,1201.7106012818404,0,1201.7386141649913
UFLIA/boogie/StrictReadOnly_C1.W2.smt2,0,1201.7205418450176,1,0.38517088000662625,0,1201.7306917698588
UFLIA/boogie/StrictReadOnly_C1.X1.smt2,0,1201.718911819975,1,0.3855270950589329,0,1201.731203819858
UFLIA/boogie/StrictReadOnly_C2..ctor.smt2,0,1201.7443494080217,0,1201.7195082011167,0,1201.7434078699443
UFLIA/boogie/StrictReadOnly_C2.W2.smt2,0,1201.7726858910173,0,1201.719997904962,0,1201.7276532030664
UFLIA/boogie/StrictReadOnly_C2.X0.smt2,0,1201.7477913729963,0,1201.7320217380766,0,1201.7610640099738
UFLIA/boogie/StrictReadOnly_C2.X2.smt2,0,1201.717817916011,0,1201.7464392459951,0,1201.7277944020461
UFLIA/boogie/StrictReadOnly_C2.X3.smt2,0,1201.7764385979972,0,1201.7181556720752,0,1201.7313217641786
UFLIA/boogie/StrictReadOnly_C2.Y0.smt2,0,1201.7186011899612,0,1201.7146751619875,0,1201.7233703751117
UFLIA/boogie/StrictReadOnly_Impossible..ctor.smt2,0,1201.7695541870198,1,0.3704525618813932,1,828.3019610601477
UFLIA/boogie/Strings_test3.MyStrings..ctor.smt2,0,1201.7483100639656,1,0.6619209118653089,0,1201.7275170360226
UFLIA/boogie/Strings_test3.MyStrings.StringCoolness3.smt2,0,1201.7426550740493,1,3.065457660006359,0,1201.7276547618676
UFLIA/boogie/Strings_test3.XY..ctor.smt2,0,1201.7193130680243,1,0.3921372019685805,0,1201.720814540051
UFLIA/boogie/Strings_test3.XY.N1_test3.XY_notnull_System.Object_notnull.smt2,0,1201.7773622110253,0,1201.7166449211072,0,1201.7392437518574
UFLIA/boogie/Subclass_Sub.Ty.smt2,0,1201.7447502909927,1,0.3288294149097055,0,1201.7246091209818
UFLIA/boogie/Switch_Switch..ctor.smt2,0,1201.7236364560085,1,0.36914420290850103,0,1201.74071083311
UFLIA/boogie/Types_Types.M2_B-orderStrength_1.smt2,0,1201.7204761140165,1,0.3472052391152829,1,26.44036151911132
UFLIA/boogie/Types_Types.P7_System.Object.array_notnull_System.Int32.array_notnull_A.array_notnull_J.array_notnull_B.array_notnull-orderStrength_1.smt2,0,1201.723551358038,0,1201.7139578231145,0,1201.724060967099
UFLIA/boogie/Types_Types.P8_System.Object.array_notnull_System.Int32.array_notnull_A.array_notnull_J.array_notnull_B.array_notnull-orderStrength_1.smt2,0,1201.7446695260005,0,1201.713322035037,0,1201.7486917551141
UFLIA/boogie/Types_Types.Q_T_T-orderStrength_1.smt2,0,1201.7692759319907,1,23.755456252023578,0,1201.7333167761099
UFLIA/boogie/ValidAndPrevalid_Interval.Foo3.smt2,0,1201.7157957509626,0,1201.7113277190365,0,1201.7281995709054
UFLIA/boogie/ValidAndPrevalid_Interval.Foo4.smt2,0,1201.7165875440114,1,1.447114618960768,0,1201.73281413503
UFLIA/boogie/ValidAndPrevalid_Interval.SpecSharp.CheckInvariant_System.Boolean.smt2,0,1201.769780698989,1,0.32554091489873827,1,533.4399808649905
UFLIA/boogie/WhereMotivation_Types.M-modifiesOnLoop_1.smt2,0,1201.768331727013,1,0.29885064088739455,1,638.971486479044
UFLIA/boogie/WhereMotivation_Types.MLoop3.smt2,0,1201.743544677971,1,25.558940083021298,0,1201.7298400478903
UFLIA/boogie/loopinv0_LoopInv0.Method2_Node_notnull-infer_eh.smt2,0,1201.7709395139827,1,5.601321659050882,0,1201.7444674770813
UFLIA/boogie/loopinv1_LoopInv1.Test1b_F_notnull-infer_eh.smt2,0,1201.7440045310068,1,10.539945737924427,0,1201.7274095059838
UFLIA/grasshopper/instantiated/copy_invariant_35_4.smt2,1,849.271075867,1,0.6682317650411278,0,1201.7236724209506
UFLIA/grasshopper/instantiated/filter_loop_invariant_48_3.smt2,0,1201.7455388089875,1,1.5682870750315487,0,1201.722233939916
UFLIA/grasshopper/instantiated/insert_postcondition_of_insert_49_4.smt2,0,1201.7704107880127,1,3.1626181309111416,1,18.94559458689764
UFLIA/grasshopper/instantiated/quicksort_postcondition_of_quicksort_55_45.smt2,0,1201.7315744649968,1,33.68517079483718,0,1201.7255960418843
UFLIA/grasshopper/uninstantiated/copy_loop_invariant_50_5.smt2,1,91.11012493004091,1,30.288447042927146,1,1.3502202050294727
UFLIA/grasshopper/uninstantiated/delete_check_free_51_8.smt2,1,309.00744466501055,1,0.44011955987662077,1,67.50179174309596
UFLIA/grasshopper/uninstantiated/difference_postcondition_of_difference_38_8.smt2,0,1202.248108971049,0,1201.7300657839514,0,1201.7303777758498
UFLIA/grasshopper/uninstantiated/difference_precondition_of_difference_43_15.smt2,0,1201.7195803070208,1,43.05994787090458,0,1201.731252774829
UFLIA/grasshopper/uninstantiated/insertion_sort_loop_invariant_44_4.smt2,0,1201.753833123017,1,0.5293623330071568,0,1201.736399569083
UFLIA/grasshopper/uninstantiated/merge_invariant_46_2.smt2,0,1201.717969129968,1,19.84105937392451,0,1201.7215836900286
UFLIA/grasshopper/uninstantiated/merge_invariant_49_2.smt2,0,1201.773227846017,1,490.0831366509665,0,1201.72296933108
UFLIA/grasshopper/uninstantiated/pull_strands_loop_check_heap_access_87_6.smt2,1,198.87078733899398,1,0.33614040818065405,1,23.5018114449922
UFLIA/grasshopper/uninstantiated/reverse_loop_invariant_37_3.smt2,0,1201.7489796119626,1,30.504469895968214,1,0.8479039028752595
UFLIA/grasshopper/uninstantiated/sls_traverse_loop_invariant_32_3.smt2,0,1201.7492058440112,1,3.424907066859305,0,1201.733706040075
UFLIA/grasshopper/uninstantiated/split_loop_invariant_44_3.smt2,0,1201.729063073988,1,1.000730383908376,0,1201.7322600290645
UFLIA/grasshopper/uninstantiated/union_check_heap_access_38_8.smt2,0,1201.7181666989927,1,0.6594301979057491,1,62.992392712971196
UFLIA/grasshopper/uninstantiated/union_precondition_of_union_44_15.smt2,0,1201.7305884749512,1,9.218001225963235,0,1201.7418769339565
UFLIA/sexpr/SES.Nary.FA_SES.Sx_notnull.smt2,0,1201.7172261000378,1,30.971533796051517,1,74.14423682191409
UFLIA/sexpr/SES.PrettySx.PeekToken_System.IO.TextReader_notnull_System.String.ptr.smt2,0,1202.242058734002,1,31.426351658068597,1,78.52068978804164
UFLIA/sexpr/SES.Sx.get_True.smt2,0,1201.7483601249987,1,2.6421012959908694,1,102.02406897186302
UFLIA/simplify/javafe.TestTool.21.smt2,0,1201.7159769209684,1,0.36082573980093,0,1201.726164964959
UFLIA/simplify/javafe.ast.AmbiguousMethodInvocation.31.smt2,0,1202.7473546619876,1,0.6316045399289578,1,778.5873025960755
UFLIA/simplify/javafe.ast.BinaryExpr.48.smt2,0,1202.755440437002,1,1.2663356680423021,0,1201.7375839480665
UFLIA/simplify/javafe.ast.BlockStmt.51.smt2,0,1202.7470422580373,1,0.6170290547888726,1,27.47351729287766
UFLIA/simplify/javafe.ast.CatchClauseVec.70.smt2,0,1201.7412504100357,1,0.3593763308599591,0,1201.7294585260097
UFLIA/simplify/javafe.ast.CompoundName.90.smt2,0,1202.7209376519895,1,0.7057730499655008,1,79.9721015598625
UFLIA/simplify/javafe.ast.FormalParaDecl.160.smt2,1,3.0549514949670993,1,0.7038801570888609,1,13.918901497963816
UFLIA/simplify/javafe.ast.Identifier.175.smt2,0,1201.7395930049825,1,0.5710779088549316,0,1201.721070206957
UFLIA/simplify/javafe.ast.IdentifierVec.178.smt2,0,1201.7191236189683,1,0.4314601069781929,0,1201.726259766845
UFLIA/simplify/javafe.ast.IdentifierVec.180.smt2,0,1201.7443888030248,1,5.358068456873298,0,1201.742410699837
UFLIA/simplify/javafe.ast.ImportDeclVec.191.smt2,0,1201.7174883230473,1,1.0182958538644016,0,1201.7171290910337
UFLIA/simplify/javafe.ast.ImportDeclVec.196.smt2,0,1202.2186078880331,1,0.38292627898044884,0,1201.7251005868893
UFLIA/simplify/javafe.ast.LexicalPragmaVec.215.smt2,1,2.2138568999944255,1,0.26751317689195275,1,13.021827683085576
UFLIA/simplify/javafe.ast.LexicalPragmaVec.225.smt2,1,2.953795393987093,1,0.2687683468684554,1,81.97733215079643
UFLIA/simplify/javafe.ast.MethodDecl.240.smt2,0,1201.7689422349795,1,104.30322225298733,0,1201.7577620400116
UFLIA/simplify/javafe.ast.Name.261.smt2,1,2.6195656830095686,1,0.30343826301395893,1,29.99507209402509
UFLIA/simplify/javafe.ast.PrettyPrint.285.smt2,1,4.90206032799324,1,0.31360620190389454,0,1201.739190398017
UFLIA/simplify/javafe.ast.ReturnStmt.295.smt2,0,1202.7242526049959,1,0.639401278924197,1,56.484623541124165
UFLIA/simplify/javafe.ast.RoutineDecl.298.smt2,0,1202.2441260179621,1,0.2548113709781319,1,19.957395985955372
UFLIA/simplify/javafe.ast.SimpleName.311.smt2,1,12.814248315989971,1,0.28102767281234264,1,42.483451762003824
UFLIA/simplify/javafe.ast.SynchronizeStmt.348.smt2,0,1202.721412355022,1,1.4543258540797979,0,1201.7170900618657
UFLIA/simplify/javafe.ast.TypeDecl.367.smt2,0,1201.7223813150194,1,0.3169050579890609,1,122.15030544786714
UFLIA/simplify/javafe.ast.TypeDeclVec.384.smt2,1,2.278011290007271,1,0.2764467259403318,1,12.924208980053663
UFLIA/simplify/javafe.ast.TypeDeclVec.385.smt2,0,1201.7452314189868,1,0.3737877591047436,0,1201.7535141608678
UFLIA/simplify/javafe.ast.TypeDeclVec.393.smt2,0,1201.7293423369993,1,1.7349317059852183,0,1201.7338839699514
UFLIA/simplify/javafe.ast.TypeModifierPragmaVec.397.smt2,0,1201.7390841839951,1,1.137481709010899,0,1201.7475385097787
UFLIA/simplify/javafe.ast.TypeModifierPragmaVec.403.smt2,0,1201.7765473800246,1,0.5893217760603875,0,1201.7298783229198
UFLIA/simplify/javafe.ast.TypeModifierPragmaVec.405.smt2,1,2.689780045999214,1,0.26287407404743135,1,80.02069751592353
UFLIA/simplify/javafe.ast.TypeNameVec.410.smt2,1,2.507816150027793,1,0.2778359050862491,1,12.959711213828996
UFLIA/simplify/javafe.ast.TypeNameVec.414.smt2,0,1201.7374117809813,1,0.5826382930390537,0,1201.7493029918987
UFLIA/simplify/javafe.ast.VarInitVec.433.smt2,0,1201.7424880209728,1,4.367965802084655,0,1201.7547004781663
UFLIA/simplify/javafe.filespace.FileTree.463.smt2,1,1176.8512101689703,1,0.2882797790225595,1,530.3937700570095
UFLIA/simplify/javafe.filespace.Resolve.490.smt2,1,2.0669412440038286,1,0.23936227592639625,1,10.404913323931396
UFLIA/simplify/javafe.filespace.TreeWalker.515.smt2,0,1202.2731355020078,1,0.29984667990356684,0,1201.7395415040664
UFLIA/simplify/javafe.filespace.UnionTree.518.smt2,0,1202.2425082409754,1,0.3112846228759736,0,1201.7286393791437
UFLIA/simplify/javafe.parser.Lex.545.smt2,0,1201.7434373280266,1,0.49788544699549675,0,1201.7256518870126
UFLIA/simplify/javafe.parser.Lex.546.smt2,0,1201.7159442480188,1,6.56731333094649,0,1201.7212758578826
UFLIA/simplify/javafe.parser.ParseType.561.smt2,0,1201.7423712759628,1,0.7743817290756851,0,1201.724016747903
UFLIA/simplify/javafe.parser.Token.572.smt2,0,1201.7171907409793,1,0.3833327458705753,0,1201.7214438468218
UFLIA/simplify/javafe.reader.SrcReader.614.smt2,0,1201.7524477699772,1,0.46538864308968186,0,1201.7312302568462
UFLIA/simplify/javafe.tc.CheckInvariants.636.smt2,0,1202.2481658140314,1,1.9038500501774251,0,1201.7214981210418
UFLIA/simplify/javafe.tc.ConstantExpr.641.smt2,1,1.5590024349512532,1,0.2938499900046736,1,100.48559546400793
UFLIA/simplify/javafe.tc.EnvForCU.653.smt2,0,1201.7433578920318,1,0.5134658890310675,0,1201.722312875092
UFLIA/simplify/javafe.tc.FieldDeclVec.675.smt2,0,1201.7480389230186,1,0.8925691670738161,0,1201.7319639339112
UFLIA/simplify/javafe.tc.FlowInsensitiveChecks.682.smt2,1,2.686090247996617,1,0.3364209118299186,1,20.44628046802245
UFLIA/simplify/javafe.tc.FlowInsensitiveChecks.687.smt2,0,1201.722242984979,1,1.181651963852346,0,1201.7315806499682
UFLIA/simplify/javafe.tc.MethodDeclVec.689.smt2,1,2.605358842993155,1,0.2797132800333202,1,12.906825867015868
UFLIA/simplify/javafe.tc.MethodDeclVec.691.smt2,0,1201.7431372259744,1,16.80856125592254,0,1201.747779784957
UFLIA/simplify/javafe.tc.MethodDeclVec.693.smt2,0,1201.740597758966,1,0.526124075986445,0,1201.72444404196
UFLIA/simplify/javafe.tc.PrepTypeDeclaration.710.smt2,1,16.799549214018043,1,0.3030084860511124,1,15.99192395992577
UFLIA/simplify/javafe.tc.SLResolution.712.smt2,0,1202.720150420966,1,140.17562417988665,0,1201.727968551917
UFLIA/simplify/javafe.tc.TypeCheck.715.smt2,0,1202.2182622809778,1,1.388955046189949,0,1201.7492118061054
UFLIA/simplify/javafe.tc.TypeCheck.716.smt2,0,1202.2159531060024,1,0.7582659400068223,0,1201.743928255979
UFLIA/simplify/javafe.tc.TypeCheck.718.smt2,0,1202.7435214080033,1,0.8819569961633533,1,150.56431190413423
UFLIA/simplify/javafe.tc.TypeSig.729.smt2,0,1202.7436807089834,1,1.4794150730594993,0,1201.7456049991306
UFLIA/simplify/javafe.tc.TypeSig.730.smt2,0,1202.24223969999,1,271.464981934987,0,1201.7237579990178
UFLIA/simplify/javafe.tc.TypeSigVec.739.smt2,0,1201.720342870045,1,0.4485056500416249,0,1201.7406759948935
UFLIA/simplify/javafe.util.BufferedCorrelatedReader.769.smt2,0,1201.7385579179972,1,14.424134884029627,0,1201.7247638821136
UFLIA/simplify/javafe.util.BufferedCorrelatedReader.775.smt2,0,1201.7152301530004,1,1.3471447369083762,0,1201.7304073080886
UFLIA/simplify/javafe.util.FileCorrelatedReader.784.smt2,0,1201.7197578120395,1,0.6782533379737288,0,1201.7420242489316
UFLIA/simplify/javafe.util.LocationManagerCorrelatedReader.798.smt2,0,1201.7394399640034,1,4.050810938002542,0,1201.728931969963
UFLIA/simplify/javafe.util.LocationManagerCorrelatedReader.801.smt2,0,1201.7442535209702,1,4.06049814610742,0,1201.7358782629017
UFLIA/simplify2/front_end_suite/javafe.CopyLoaded.015.smt2,0,1201.7417213660083,1,0.35766996699385345,0,1201.7281956509687
UFLIA/simplify2/front_end_suite/javafe.CountLines.001.smt2,1,1146.7894917830126,1,0.34767330810427666,1,10.978994134813547
UFLIA/simplify2/front_end_suite/javafe.ast.AmbiguousMethodInvocation.006.smt2,1,1.5648132379865274,1,0.4669600180350244,1,3.9187218931037933
UFLIA/simplify2/front_end_suite/javafe.ast.ArrayRefExpr.011.smt2,0,1202.2531210130037,1,0.730609088903293,0,1201.7426153058186
UFLIA/simplify2/front_end_suite/javafe.ast.ArrayType.003.smt2,0,1201.74506763299,1,0.7195949289016426,0,1201.7338766651228
UFLIA/simplify2/front_end_suite/javafe.ast.ArrayType.007.smt2,1,4.480340234003961,1,0.529144651023671,1,29.966362443054095
UFLIA/simplify2/front_end_suite/javafe.ast.BinaryExpr.003.smt2,0,1202.7206781629939,1,6.6864449449349195,1,1198.854145544814
UFLIA/simplify2/front_end_suite/javafe.ast.CatchClauseVec.005.smt2,0,1201.7437878100318,1,0.41026142286136746,0,1201.737735509174
UFLIA/simplify2/front_end_suite/javafe.ast.ClassDecl.003.smt2,0,1201.7471823999658,1,0.5946708428673446,1,23.426386145874858
UFLIA/simplify2/front_end_suite/javafe.ast.CompoundName.007.smt2,0,1201.7402780429693,1,7.421810153871775,0,1201.7287640490104
UFLIA/simplify2/front_end_suite/javafe.ast.CompoundName.009.smt2,1,1.9428882710053585,1,0.48911067098379135,1,21.015859212959185
UFLIA/simplify2/front_end_suite/javafe.ast.ConstructorInvocation.004.smt2,0,1201.7261867080233,1,0.8686647759750485,0,1201.7217682569753
UFLIA/simplify2/front_end_suite/javafe.ast.ConstructorInvocation.008.smt2,1,1.357532911002636,1,0.4490941599942744,1,3.932386002037674
UFLIA/simplify2/front_end_suite/javafe.ast.ContinueStmt.004.smt2,1,1.5802199459867552,1,0.4924922550562769,1,3.9259675010107458
UFLIA/simplify2/front_end_suite/javafe.ast.ContinueStmt.009.smt2,0,1201.7446140079992,1,0.5047504198737442,1,30.476669054012746
UFLIA/simplify2/front_end_suite/javafe.ast.DefaultVisitor.008.smt2,1,2.969747327035293,1,0.48617175011895597,1,1.405233388999477
UFLIA/simplify2/front_end_suite/javafe.ast.DoStmt.003.smt2,0,1201.7167823719792,1,6.44341295491904,1,826.5155770170968
UFLIA/simplify2/front_end_suite/javafe.ast.EvalStmt.001.smt2,0,1201.719071118976,1,4.71999874105677,1,23.009041272103786
UFLIA/simplify2/front_end_suite/javafe.ast.EvalStmt.007.smt2,0,1202.7193721689982,1,11.112974270945415,0,1201.7211513810325
UFLIA/simplify2/front_end_suite/javafe.ast.ExprVec.002.smt2,0,1201.7413902279804,1,0.58810866298154,0,1201.7264137761667
UFLIA/simplify2/front_end_suite/javafe.ast.FieldAccess.001.smt2,0,1201.7420813760255,1,0.4587405400816351,1,44.992744263028726
UFLIA/simplify2/front_end_suite/javafe.ast.FieldAccess.002.smt2,1,5.690723563020583,1,0.45872552087530494,1,5.910782339051366
UFLIA/simplify2/front_end_suite/javafe.ast.FieldAccess.008.smt2,1,1.3162440289743245,1,0.5136430140119046,1,3.8660487721208483
UFLIA/simplify2/front_end_suite/javafe.ast.FieldDecl.003.smt2,0,1201.7433783130255,1,0.5622372350189835,1,31.973784204106778
UFLIA/simplify2/front_end_suite/javafe.ast.FormalParaDeclVec.012.smt2,0,1201.7194974910235,1,0.3052732809446752,0,1201.784448954044
UFLIA/simplify2/front_end_suite/javafe.ast.FormalParaDeclVec.013.smt2,0,1201.7130536040058,1,0.5061269109137356,0,1201.7230679020286
UFLIA/simplify2/front_end_suite/javafe.ast.Identifier.010.smt2,0,1201.7689171709935,0,1201.715938353911,0,1201.7264005099423
UFLIA/simplify2/front_end_suite/javafe.ast.IdentifierVec.008.smt2,1,1.9320906809880398,1,0.2885611290112138,1,768.0313141080551
UFLIA/simplify2/front_end_suite/javafe.ast.IdentifierVec.019.smt2,0,1201.7451513460255,1,0.37576521886512637,0,1201.7262533088215
UFLIA/simplify2/front_end_suite/javafe.ast.ImportDeclVec.008.smt2,1,1.9684008850017563,1,0.27394548198208213,1,52.47762515908107
UFLIA/simplify2/front_end_suite/javafe.ast.InitBlock.007.smt2,1,2.08639662200585,1,0.6304227979853749,1,30.458914327202365
UFLIA/simplify2/front_end_suite/javafe.ast.InstanceOfExpr.011.smt2,0,1201.7453186970088,1,0.5892270950134844,0,1201.723196242936
UFLIA/simplify2/front_end_suite/javafe.ast.LabelStmt.003.smt2,0,1201.7382118090172,1,2.384146667085588,1,1198.324285072973
UFLIA/simplify2/front_end_suite/javafe.ast.LexicalPragmaVec.002.smt2,0,1201.741318512999,1,0.4735315360594541,0,1201.7438866610173
UFLIA/simplify2/front_end_suite/javafe.ast.LexicalPragmaVec.005.smt2,0,1201.719504100969,1,0.37510567903518677,0,1201.7276669880375
UFLIA/simplify2/front_end_suite/javafe.ast.LexicalPragmaVec.015.smt2,0,1201.7228273790097,1,1.0521723369602114,0,1201.7215827249456
UFLIA/simplify2/front_end_suite/javafe.ast.LexicalPragmaVec.016.smt2,0,1202.720614544989,1,0.3759576790034771,0,1201.7323320221622
UFLIA/simplify2/front_end_suite/javafe.ast.LiteralExpr.002.smt2,0,1201.7771524880081,1,0.5170403260271996,0,1201.7234897781163
UFLIA/simplify2/front_end_suite/javafe.ast.LocalVarDecl.005.smt2,1,5.033026418997906,1,0.5410989872179925,1,30.51796543900855
UFLIA/simplify2/front_end_suite/javafe.ast.LocalVarDecl.007.smt2,0,1202.7324631789816,1,7.811754608992487,0,1201.7323556491174
UFLIA/simplify2/front_end_suite/javafe.ast.LocalVarDecl.011.smt2,0,1201.7434287330252,1,0.646325120003894,0,1201.7337277680635
UFLIA/simplify2/front_end_suite/javafe.ast.MethodDecl.003.smt2,1,27.535222752019763,1,0.8733144849538803,0,1201.7285256439354
UFLIA/simplify2/front_end_suite/javafe.ast.MethodDecl.004.smt2,1,1.5899332420085557,1,0.5516716209240258,1,3.888062675949186
UFLIA/simplify2/front_end_suite/javafe.ast.ModifierPragmaVec.013.smt2,0,1201.7451493749977,1,0.5054427799768746,0,1201.7302769289818
UFLIA/simplify2/front_end_suite/javafe.ast.ModifierPragmaVec.014.smt2,1,1.0914104619878344,1,0.2639207320753485,1,13.44849599013105
UFLIA/simplify2/front_end_suite/javafe.ast.ModifierPragmaVec.016.smt2,0,1202.7490321009536,1,0.35446874401532114,0,1201.7446117841173
UFLIA/simplify2/front_end_suite/javafe.ast.NewArrayExpr.001.smt2,1,3.764825858990662,1,0.5330142630264163,1,11.474839105969295
UFLIA/simplify2/front_end_suite/javafe.ast.NewArrayExpr.003.smt2,0,1201.7434242059826,1,0.5721914209425449,1,30.470600980101153
UFLIA/simplify2/front_end_suite/javafe.ast.NewInstanceExpr.002.smt2,0,1201.7169650089927,1,7.728434956166893,0,1201.720279527828
UFLIA/simplify2/front_end_suite/javafe.ast.NewInstanceExpr.008.smt2,0,1202.7200197760249,1,15.006489655002952,0,1201.7233938009012
UFLIA/simplify2/front_end_suite/javafe.ast.OnDemandImportDecl.005.smt2,0,1202.2162680579931,1,8.202095671091229,0,1201.723906962201
UFLIA/simplify2/front_end_suite/javafe.ast.ParenExpr.001.smt2,1,2.3082209039712325,1,0.46589728887192905,1,10.39670316898264
UFLIA/simplify2/front_end_suite/javafe.ast.ParenExpr.002.smt2,1,2.2550440849736333,1,0.441488531883806,1,9.89864873397164
UFLIA/simplify2/front_end_suite/javafe.ast.SkipStmt.006.smt2,0,1202.2435782530229,1,12.614693163894117,0,1201.7536373839248
UFLIA/simplify2/front_end_suite/javafe.ast.StandardPrettyPrint.005.smt2,0,1202.7526901459787,1,215.2745388080366,0,1201.7326946570538
UFLIA/simplify2/front_end_suite/javafe.ast.StmtVec.017.smt2,0,1201.7132688229904,1,0.3642180550377816,0,1201.7450923700817
UFLIA/simplify2/front_end_suite/javafe.ast.StmtVec.018.smt2,0,1201.716948125977,1,0.3657320300117135,0,1201.7172370790504
UFLIA/simplify2/front_end_suite/javafe.ast.StmtVec.021.smt2,0,1201.7160977380117,1,0.2737466599792242,1,311.7337458729744
UFLIA/simplify2/front_end_suite/javafe.ast.SuperObjectDesignator.001.smt2,1,4.953323307039682,1,0.44948195689357817,1,5.372676400002092
UFLIA/simplify2/front_end_suite/javafe.ast.SwitchLabel.001.smt2,1,5.05750466597965,1,0.45315287192352116,1,5.911276089027524
UFLIA/simplify2/front_end_suite/javafe.ast.SwitchStmt.001.smt2,1,5.147705451992806,1,0.44766489206813276,1,10.93115739687346
UFLIA/simplify2/front_end_suite/javafe.ast.SynchronizeStmt.011.smt2,0,1201.7767690200126,1,0.6184855510946363,0,1201.7283168809954
UFLIA/simplify2/front_end_suite/javafe.ast.ThisExpr.007.smt2,0,1202.7200640759547,1,19.740714421030134,0,1201.7297880200204
UFLIA/simplify2/front_end_suite/javafe.ast.TryCatchStmt.006.smt2,1,1.6154503819998354,1,0.6073378589935601,1,29.50371925905347
UFLIA/simplify2/front_end_suite/javafe.ast.TryCatchStmt.008.smt2,0,1201.7421268100152,1,15.062282470986247,0,1201.723594472045
UFLIA/simplify2/front_end_suite/javafe.ast.TryFinallyStmt.012.smt2,0,1201.7184600670007,1,0.7115768538787961,0,1201.7240682649426
UFLIA/simplify2/front_end_suite/javafe.ast.TypeDeclElemPragma.002.smt2,0,1201.719612378045,1,0.24333637696690857,1,16.97251821588725
UFLIA/simplify2/front_end_suite/javafe.ast.TypeDeclElemVec.016.smt2,0,1201.71984691103,1,0.34763382701203227,0,1201.733052537078
UFLIA/simplify2/front_end_suite/javafe.ast.TypeDeclVec.002.smt2,0,1201.7477993009961,1,0.6127803490962833,0,1201.7497571948916
UFLIA/simplify2/front_end_suite/javafe.ast.TypeDeclVec.020.smt2,0,1201.744025336986,1,1.2717519151046872,0,1201.7437205440365
UFLIA/simplify2/front_end_suite/javafe.ast.TypeModifierPragmaVec.008.smt2,1,2.0948317650472745,1,0.3079977841116488,1,51.011926090111956
UFLIA/simplify2/front_end_suite/javafe.ast.TypeModifierPragmaVec.011.smt2,1,1.5058629180421121,1,0.2766945040784776,1,13.464703494915739
UFLIA/simplify2/front_end_suite/javafe.ast.TypeName.005.smt2,0,1202.7429583109915,1,0.5284587710630149,1,780.5568433878943
UFLIA/simplify2/front_end_suite/javafe.ast.TypeObjectDesignator.008.smt2,0,1202.7526470620069,1,19.217546210158616,0,1201.7304106040392
UFLIA/simplify2/front_end_suite/javafe.ast.UnaryExpr.003.smt2,0,1201.745355246996,1,6.967591817025095,0,1201.721358490875
UFLIA/simplify2/front_end_suite/javafe.ast.VarDeclStmt.002.smt2,0,1202.2430629869923,1,3.3827259719837457,1,21.407289810013026
UFLIA/simplify2/front_end_suite/javafe.ast.VarInitVec.015.smt2,0,1201.7532006919973,1,1.3851020110305399,0,1201.720179263968
UFLIA/simplify2/front_end_suite/javafe.ast.VariableAccess.001.smt2,0,1201.744700337993,1,0.4823422529734671,1,29.47023842809722
UFLIA/simplify2/front_end_suite/javafe.filespace.ClassPath.003.smt2,0,1201.7470271859784,1,0.32279335986822844,0,1201.7207052570302
UFLIA/simplify2/front_end_suite/javafe.filespace.LookAheadEnum.005.smt2,0,1201.7182883869973,1,0.25138575211167336,0,1201.7316622689832
UFLIA/simplify2/front_end_suite/javafe.filespace.PkgTree.011.smt2,0,1201.7185632769833,1,0.25427357596345246,1,17.42724052700214
UFLIA/simplify2/front_end_suite/javafe.filespace.StringUtil.005.smt2,1,1.717711146979127,1,0.2990012099035084,1,4.4041165150702
UFLIA/simplify2/front_end_suite/javafe.filespace.Tree.009.smt2,1,2.815425512031652,1,0.24974921811372042,1,119.07218491914682
UFLIA/simplify2/front_end_suite/javafe.filespace.TreeWalker.005.smt2,0,1201.7193425659789,1,0.2891476370859891,1,35.47943635820411
UFLIA/simplify2/front_end_suite/javafe.parser.Lex.001.smt2,0,1201.7178036040277,1,0.41631981800310314,0,1201.7393368270714
UFLIA/simplify2/front_end_suite/javafe.parser.Parse.009.smt2,0,1201.7171819490031,1,0.7430926209781319,1,122.59296989208087
UFLIA/simplify2/front_end_suite/javafe.parser.ParseExpr.006.smt2,0,1201.7427087550168,1,1.4884833490941674,0,1201.7366227540188
UFLIA/simplify2/front_end_suite/javafe.parser.ParseExpr.012.smt2,0,1202.724916659994,1,0.9215797500219196,1,48.47138621099293
UFLIA/simplify2/front_end_suite/javafe.parser.ParseStmt.001.smt2,0,1201.7170951750013,1,271.7240437308792,0,1201.749241450103
UFLIA/simplify2/front_end_suite/javafe.parser.ParseStmt.002.smt2,0,1201.7242398750386,1,11.06008654506877,0,1201.7298491429538
UFLIA/simplify2/front_end_suite/javafe.parser.ParseStmt.004.smt2,0,1202.2183084709686,1,26.243641370907426,0,1201.7401052778587
UFLIA/simplify2/front_end_suite/javafe.parser.ParseStmt.005.smt2,0,1201.716648815025,1,1.111353216925636,1,128.55504731088877
UFLIA/simplify2/front_end_suite/javafe.parser.ParseType.005.smt2,0,1201.7442460439634,1,0.46559309493750334,0,1201.7500469139777
UFLIA/simplify2/front_end_suite/javafe.parser.ParseUtil.006.smt2,0,1201.752321226988,1,1.1299340140540153,1,821.5930951309856
UFLIA/simplify2/front_end_suite/javafe.parser.TagConstants.003.smt2,0,1201.7166282159742,1,0.38668163982219994,0,1201.747734833043
UFLIA/simplify2/front_end_suite/javafe.parser.test.TestExpr.002.smt2,0,1202.7470397340367,1,119.09604781400412,0,1201.726196096046
UFLIA/simplify2/front_end_suite/javafe.parser.test.TestExpr.003.smt2,0,1202.7205382980173,1,0.8602589201182127,0,1201.720714342082
UFLIA/simplify2/front_end_suite/javafe.parser.test.TestParse.007.smt2,0,1201.748593028984,1,0.26485044485889375,0,1201.7246000659652
UFLIA/simplify2/front_end_suite/javafe.reader.ASTClassFileParser.006.smt2,0,1202.7207303610048,1,4.508005575044081,0,1201.728393872967
UFLIA/simplify2/front_end_suite/javafe.reader.ASTClassFileParser.014.smt2,0,1202.2400275869877,1,0.7995500708930194,0,1201.7273767259903
UFLIA/simplify2/front_end_suite/javafe.reader.ASTClassFileParser.015.smt2,0,1202.7198351059924,1,0.6418023540172726,1,26.960174574051052
UFLIA/simplify2/front_end_suite/javafe.tc.CheckInvariants.001.smt2,0,1202.7785649499856,1,5.482762396102771,0,1201.7423046159092
UFLIA/simplify2/front_end_suite/javafe.tc.ConstantExpr.009.smt2,1,1.7081585369887762,1,0.5288103339262307,1,155.08272946998477
UFLIA/simplify2/front_end_suite/javafe.tc.Env.005.smt2,0,1202.7455639850232,1,3.243540281895548,1,61.49923353502527
UFLIA/simplify2/front_end_suite/javafe.tc.EnvForLocalType.005.smt2,0,1201.7164345759666,1,0.5091499800328165,0,1201.7354766929056
UFLIA/simplify2/front_end_suite/javafe.tc.EnvForLocals.008.smt2,0,1202.2433103100047,1,0.37145335087552667,1,14.420933200977743
UFLIA/simplify2/front_end_suite/javafe.tc.FieldDeclVec.001.smt2,0,1201.7102523960057,1,0.9886881201528013,0,1201.7175634060986
UFLIA/simplify2/front_end_suite/javafe.tc.FieldDeclVec.005.smt2,0,1201.7201803390053,1,0.37146428204141557,0,1201.7295421769377
UFLIA/simplify2/front_end_suite/javafe.tc.FlowInsensitiveChecks.004.smt2,0,1201.7817816300085,1,0.6402349369600415,0,1201.7318363809027
UFLIA/simplify2/front_end_suite/javafe.tc.FlowInsensitiveChecks.005.smt2,0,1202.717725016002,0,1201.712856309954,0,1201.7365698600188
UFLIA/simplify2/front_end_suite/javafe.tc.FlowInsensitiveChecks.011.smt2,0,1202.2154571420397,1,29.721485333982855,0,1201.7220005479176
UFLIA/simplify2/front_end_suite/javafe.tc.FlowInsensitiveChecks.026.smt2,1,1.8475170530145988,1,0.6158159878104925,1,1.3544704059604555
UFLIA/simplify2/front_end_suite/javafe.tc.FlowInsensitiveChecks.034.smt2,0,1201.7185726109892,1,0.6356493309140205,1,130.5641281369608
UFLIA/simplify2/front_end_suite/javafe.tc.MethodDeclVec.009.smt2,0,1202.2205940400017,1,0.3238432500511408,0,1201.743171829963
UFLIA/simplify2/front_end_suite/javafe.tc.MethodDeclVec.013.smt2,0,1201.718155584007,1,0.6265353539492935,0,1201.761419890914
UFLIA/simplify2/front_end_suite/javafe.tc.MethodDeclVec.016.smt2,0,1201.7458182320115,1,0.4602520850021392,0,1201.7233404051512
UFLIA/simplify2/front_end_suite/javafe.tc.MethodDeclVec.017.smt2,0,1201.7194072260172,1,0.35654073394834995,0,1201.723938961979
UFLIA/simplify2/front_end_suite/javafe.tc.TypeSig.013.smt2,0,1202.7190759929945,1,0.7703795318957418,1,14.95542059186846
UFLIA/simplify2/front_end_suite/javafe.tc.TypeSig.038.smt2,1,2.5680330540053546,1,0.6322154998779297,0,1201.7272042899858
UFLIA/simplify2/front_end_suite/javafe.tc.TypeSig.041.smt2,0,1202.7169677849743,1,4.7573247430846095,1,27.991241249023005
UFLIA/simplify2/front_end_suite/javafe.tc.Types.034.smt2,1,2.0883028489770368,1,0.5634818021208048,1,166.09206530707888
UFLIA/simplify2/front_end_suite/javafe.tc.Types.037.smt2,1,40.62607689097058,1,0.6193228841293603,0,1201.7381720158737
UFLIA/simplify2/front_end_suite/javafe.tc.Types.053.smt2,0,1201.717288034968,1,11.347911758115515,0,1201.7418061220087
UFLIA/simplify2/front_end_suite/javafe.tc.Types.058.smt2,1,5.988995675987098,1,0.607345949858427,0,1201.7528547649272
UFLIA/simplify2/front_end_suite/javafe.util.BufferedCorrelatedReader.003.smt2,1,1.3124007050064392,1,0.3059930498711765,1,13.409226724179462
UFLIA/simplify2/front_end_suite/javafe.util.BufferedCorrelatedReader.008.smt2,0,1201.7682999299723,1,0.4181731669232249,0,1201.722226069076
UFLIA/simplify2/front_end_suite/javafe.util.StackVector.007.smt2,0,1201.722894199018,1,0.5054295079316944,0,1201.7251005780417
UFLIA/simplify2/front_end_suite/javafe.util.StackVector.008.smt2,0,1201.7190587759833,1,0.2838475201278925,1,13.406550528015941
UFLIA/simplify2/front_end_suite/javafe.util.StackVector.013.smt2,0,1202.2427298089606,1,0.6853039469569921,0,1201.7407267689705
UFLIA/simplify2/front_end_suite/javafe.util.StackVector.014.smt2,0,1201.7171555570094,1,1.7905495951417834,0,1201.7243076958694
UFLIA/simplify2/front_end_suite/tohtml.DeclLinks.012.smt2,0,1201.7180539089604,1,0.477593048941344,1,15.457896583946422
UFLIA/simplify2/front_end_suite/tohtml.Java2Html.011.smt2,0,1201.718918077997,1,0.29039046401157975,1,859.5769126210362
UFLIA/sledgehammer/Arrow_Order/smtlib.561175.smt2,0,1201.7432645779918,0,1201.711555940099,0,1201.7253656368703
UFLIA/sledgehammer/Arrow_Order/smtlib.569556.smt2,1,2.1000047019915655,1,0.333663702942431,1,2.3693534219637513
UFLIA/sledgehammer/Arrow_Order/smtlib.571676.smt2,0,1202.2141204680083,0,1201.7115097858477,0,1201.7480604080483
UFLIA/sledgehammer/Arrow_Order/smtlib.573104.smt2,0,1202.7422614759998,0,1201.715082847979,0,1201.726676109014
UFLIA/sledgehammer/Arrow_Order/smtlib.584485.smt2,0,965.0557536820415,0,1201.7158269030042,0,1201.7508616070263
UFLIA/sledgehammer/Arrow_Order/smtlib.586117.smt2,0,1202.7223510819604,0,1201.7338241189718,0,1201.7203957678284
UFLIA/sledgehammer/Arrow_Order/smtlib.588408.smt2,0,1201.7207584350253,0,1201.7108146529645,0,1201.7236424188595
UFLIA/sledgehammer/Arrow_Order/smtlib.593393.smt2,0,1202.719798302045,0,1201.7228244040161,0,1201.7402600541245
UFLIA/sledgehammer/Arrow_Order/smtlib.595502.smt2,0,1201.7428432150045,1,390.9779487210326,0,1201.7214901901316
UFLIA/sledgehammer/Arrow_Order/smtlib.634321.smt2,0,1201.7414997809683,1,0.43226007698103786,0,1201.7489656829275
UFLIA/sledgehammer/Arrow_Order/smtlib.645422.smt2,0,1201.716431309993,1,0.39297770289704204,1,30.469582420075312
UFLIA/sledgehammer/Arrow_Order/smtlib.647719.smt2,1,3.9974532820051536,1,0.3865013341419399,1,104.00211295695044
UFLIA/sledgehammer/Arrow_Order/smtlib.666358.smt2,0,1201.7223885559943,1,0.4541638840455562,1,84.01525572594255
UFLIA/sledgehammer/Arrow_Order/smtlib.700080.smt2,0,1202.744306574983,1,0.389617620036006,0,1201.7336574140936
UFLIA/sledgehammer/Arrow_Order/smtlib.715271.smt2,0,1202.7428160360432,1,0.3748302140738815,0,1201.7259486978874
UFLIA/sledgehammer/Arrow_Order/smtlib.718040.smt2,0,1202.7442196499906,1,120.47381999599747,0,1201.7536555631086
UFLIA/sledgehammer/Arrow_Order/smtlib.727225.smt2,0,1202.2215703550028,1,120.44142404617742,0,1201.735601792112
UFLIA/sledgehammer/Arrow_Order/smtlib.761417.smt2,0,1201.715783910011,1,3.530545452842489,0,1201.732316731941
UFLIA/sledgehammer/Arrow_Order/smtlib.764398.smt2,0,1201.7425441539963,1,120.44652051106095,0,1201.7268185261637
UFLIA/sledgehammer/Arrow_Order/smtlib.766968.smt2,0,1201.718621510954,1,90.53946997085586,0,1201.7225316981785
UFLIA/sledgehammer/Arrow_Order/smtlib.780544.smt2,1,86.82474834000459,1,31.417534130159765,1,2.3675548899918795
UFLIA/sledgehammer/Arrow_Order/smtlib.836247.smt2,0,1201.7427857979783,1,119.9537326300051,0,1201.726060575107
UFLIA/sledgehammer/Arrow_Order/smtlib.852104.smt2,0,1201.7168781570508,1,0.7171078820247203,0,1201.7533615778666
UFLIA/sledgehammer/Arrow_Order/smtlib.858575.smt2,0,1201.7419044050039,1,18.08523486997001,1,189.04986875108443
UFLIA/sledgehammer/Arrow_Order/smtlib.859801.smt2,0,1201.7445500380127,0,1201.7239473089576,0,1201.7387073030695
UFLIA/sledgehammer/FFT/smtlib.1001678.smt2,0,1202.744450973987,0,1201.7120436739642,0,1201.7309034450445
UFLIA/sledgehammer/FFT/smtlib.1002149.smt2,0,1094.6081619359902,0,1201.7305731461383,0,1201.7322572739795
UFLIA/sledgehammer/FFT/smtlib.1013561.smt2,0,1202.719995470019,0,1201.7111961839255,0,1201.72521227994
UFLIA/sledgehammer/FFT/smtlib.1022845.smt2,0,431.3722767389845,0,1201.7140820401255,0,1201.7264235429466
UFLIA/sledgehammer/FFT/smtlib.1023044.smt2,0,946.176592631964,0,1201.7246561048087,0,1201.7414464061148
UFLIA/sledgehammer/FFT/smtlib.1024935.smt2,0,1201.7202492340002,0,1201.7135180721525,0,1201.7238531091716
UFLIA/sledgehammer/FFT/smtlib.1026416.smt2,0,1202.7430137909832,0,1201.7126873861998,0,1201.722693518037
UFLIA/sledgehammer/FFT/smtlib.572506.smt2,0,1202.7191732899519,1,0.31709004007279873,1,142.0726653819438
UFLIA/sledgehammer/FFT/smtlib.584380.smt2,0,1202.748030609975,0,1201.712321641855,0,1201.7345125288703
UFLIA/sledgehammer/FFT/smtlib.590748.smt2,0,1202.7280210030149,0,1201.7173973571043,0,1201.7253690981306
UFLIA/sledgehammer/FFT/smtlib.598373.smt2,0,1202.7190904649906,0,1201.7191340760328,0,1201.734936568886
UFLIA/sledgehammer/FFT/smtlib.604578.smt2,0,1202.7254660649924,1,0.3365873680450022,0,1201.7259897890035
UFLIA/sledgehammer/FFT/smtlib.643354.smt2,0,1202.2270652620355,0,1201.736858343007,0,1201.7267033830285
UFLIA/sledgehammer/FFT/smtlib.692559.smt2,0,1182.251079929003,0,1201.7131259290036,0,1201.7486575699877
UFLIA/sledgehammer/FFT/smtlib.694292.smt2,0,211.8522457999643,0,1201.7264482839964,0,1201.7340890360065
UFLIA/sledgehammer/FFT/smtlib.721427.smt2,0,0.5690419129678048,0,300.43372916197404,0,1201.7328130349051
UFLIA/sledgehammer/FFT/smtlib.736366.smt2,0,1202.7529685909976,0,1201.714776004199,0,1201.7226387301926
UFLIA/sledgehammer/FFT/smtlib.815415.smt2,0,1202.7186747519881,0,1201.7333443081006,0,1201.7294085430913
UFLIA/sledgehammer/FFT/smtlib.815689.smt2,0,1202.713626104989,0,1201.7137678689323,0,1201.7363768029027
UFLIA/sledgehammer/FFT/smtlib.855270.smt2,0,1202.7420460120193,0,1201.712064822903,0,1201.7563042591792
UFLIA/sledgehammer/FFT/smtlib.891278.smt2,0,330.2947199170012,1,0.5211306500714272,0,1201.722855207976
UFLIA/sledgehammer/FFT/smtlib.899219.smt2,0,0.5342649889644235,0,301.76436488190666,0,1201.7395340488292
UFLIA/sledgehammer/FFT/smtlib.905302.smt2,0,1101.8746978979907,0,1201.7123697579373,0,1201.725863934029
UFLIA/sledgehammer/FFT/smtlib.935298.smt2,0,1202.7444648919627,0,1201.7152928668074,0,1201.7406500468496
UFLIA/sledgehammer/FFT/smtlib.935313.smt2,1,0.5892349780187942,1,0.22273754887282848,1,119.11622199206613
UFLIA/sledgehammer/FFT/smtlib.960184.smt2,0,737.2045577809913,0,1201.716410497902,0,1201.7299168149475
UFLIA/sledgehammer/FFT/smtlib.978320.smt2,0,1202.7194840940065,0,1201.7113281798083,0,1201.7300881440751
UFLIA/sledgehammer/FFT/smtlib.979124.smt2,0,1202.7211375240004,0,1201.7147512899246,0,1201.7546419389546
UFLIA/sledgehammer/Fundamental_Theorem_Algebra/smtlib.1019572.smt2,0,1048.641681573994,1,0.49085506913252175,0,1201.7276269569993
UFLIA/sledgehammer/Fundamental_Theorem_Algebra/smtlib.1027777.smt2,0,1165.256830924016,1,122.66416059387848,0,1201.7207210159395
UFLIA/sledgehammer/Fundamental_Theorem_Algebra/smtlib.1050423.smt2,0,1202.770942807023,0,1201.7126182210632,0,1201.721373823937
UFLIA/sledgehammer/Fundamental_Theorem_Algebra/smtlib.1069734.smt2,0,1202.7182628000155,0,1201.7119177170098,0,1201.7248520471621
UFLIA/sledgehammer/Fundamental_Theorem_Algebra/smtlib.1074091.smt2,0,331.11942120001186,0,1201.7143757529557,0,1201.748325489927
UFLIA/sledgehammer/Fundamental_Theorem_Algebra/smtlib.1081041.smt2,0,749.5057158700074,1,35.73450284381397,1,366.35512552806176
UFLIA/sledgehammer/Fundamental_Theorem_Algebra/smtlib.1141637.smt2,0,1202.7433575210162,0,1201.7160581811331,0,1201.723292315146
UFLIA/sledgehammer/Fundamental_Theorem_Algebra/smtlib.1157177.smt2,0,1202.745391422999,1,30.340087746968493,1,19.457181534031406
UFLIA/sledgehammer/Fundamental_Theorem_Algebra/smtlib.1178912.smt2,0,1202.7191545239766,0,1201.727505331859,0,1201.7266330521088
UFLIA/sledgehammer/Fundamental_Theorem_Algebra/smtlib.1179314.smt2,0,1202.721999846981,0,1201.7140822848305,0,1201.7275348398834
UFLIA/sledgehammer/Fundamental_Theorem_Algebra/smtlib.1196823.smt2,0,1202.7198364380165,1,0.2625244988594204,1,27.935752865858376
UFLIA/sledgehammer/Fundamental_Theorem_Algebra/smtlib.1229512.smt2,0,1202.7187231379794,1,0.7167415469884872,1,26.506324752001092
UFLIA/sledgehammer/Fundamental_Theorem_Algebra/smtlib.1243352.smt2,0,1202.7241255230037,1,541.0349223180674,0,1201.7558400230482
UFLIA/sledgehammer/Fundamental_Theorem_Algebra/smtlib.1269992.smt2,0,1201.7175777590019,0,1201.718984730076,0,1201.7224635619204
UFLIA/sledgehammer/Fundamental_Theorem_Algebra/smtlib.1285792.smt2,0,1202.7429545719642,1,4.72867573518306,0,1201.7276374080684
UFLIA/sledgehammer/Fundamental_Theorem_Algebra/smtlib.1301634.smt2,0,1202.7188073599827,0,1201.715326604899,0,1202.2410830829758
UFLIA/sledgehammer/Fundamental_Theorem_Algebra/smtlib.1301863.smt2,0,1202.7489231650252,0,1201.7149130050093,0,1202.2277858930174
UFLIA/sledgehammer/Fundamental_Theorem_Algebra/smtlib.1304333.smt2,0,1202.7429527859786,0,1201.7137100719847,0,1201.7353221110534
UFLIA/sledgehammer/Fundamental_Theorem_Algebra/smtlib.1331541.smt2,0,1202.717329975043,0,1201.712546091061,1,105.09807308996096
UFLIA/sledgehammer/Fundamental_Theorem_Algebra/smtlib.1331662.smt2,0,1202.720266357006,0,1201.721489122836,0,1201.7276169648394
UFLIA/sledgehammer/Fundamental_Theorem_Algebra/smtlib.1348003.smt2,1,1.0032635499956086,1,0.22906086617149413,1,818.0099213800859
UFLIA/sledgehammer/Fundamental_Theorem_Algebra/smtlib.1356111.smt2,0,1201.7428575580125,0,1201.714900238905,0,1201.7236004699953
UFLIA/sledgehammer/Fundamental_Theorem_Algebra/smtlib.1370456.smt2,0,1202.7704207330244,0,1201.7126911180094,0,1201.7300689409021
UFLIA/sledgehammer/Fundamental_Theorem_Algebra/smtlib.1373105.smt2,0,1202.7487038819818,0,1201.7120567469392,0,1201.7230948258657
UFLIA/sledgehammer/Fundamental_Theorem_Algebra/smtlib.1377848.smt2,0,1202.7252574749873,0,1201.7367775070015,0,1201.7300583529286
UFLIA/sledgehammer/Fundamental_Theorem_Algebra/smtlib.1401723.smt2,0,1202.7464040199993,0,1201.7118637838867,0,1201.7484707790427
UFLIA/sledgehammer/Fundamental_Theorem_Algebra/smtlib.1410750.smt2,0,1202.7460150850238,0,1201.7284995571245,0,1201.738569101086
UFLIA/sledgehammer/Fundamental_Theorem_Algebra/smtlib.1411612.smt2,0,1202.7205390139716,0,1201.72951891087,0,1201.7222705921158
UFLIA/sledgehammer/Fundamental_Theorem_Algebra/smtlib.1412025.smt2,0,1202.7236919589923,0,1201.7419897611253,0,1201.7230901629664
UFLIA/sledgehammer/Fundamental_Theorem_Algebra/smtlib.1421004.smt2,0,1202.7776116050081,1,1.1455454488750547,1,146.15103005315177
UFLIA/sledgehammer/Fundamental_Theorem_Algebra/smtlib.1421266.smt2,1,1.0997308159712702,1,0.22789098508656025,1,168.6041844189167
UFLIA/sledgehammer/Fundamental_Theorem_Algebra/smtlib.1421719.smt2,0,0.7517413279856555,0,121.52316545299254,0,1201.7264183440711
UFLIA/sledgehammer/Fundamental_Theorem_Algebra/smtlib.1423581.smt2,0,245.50370385998394,0,1201.7118867889512,0,1201.743802736979
UFLIA/sledgehammer/Fundamental_Theorem_Algebra/smtlib.1428326.smt2,0,1202.7181619110052,1,151.7924616530072,0,1201.7304078510497
UFLIA/sledgehammer/Fundamental_Theorem_Algebra/smtlib.1440891.smt2,1,1.4081265360000543,1,0.25174857792444527,1,2.3879428680520505
UFLIA/sledgehammer/Fundamental_Theorem_Algebra/smtlib.1443254.smt2,0,1202.7212030139635,0,1201.7445301259868,0,1201.7414202590007
UFLIA/sledgehammer/Fundamental_Theorem_Algebra/smtlib.1444059.smt2,0,1202.7177048249869,0,1201.7145201298408,0,1201.7500496271532
UFLIA/sledgehammer/Fundamental_Theorem_Algebra/smtlib.1446477.smt2,0,1202.745274343004,0,1201.7147353619803,0,1201.7337766829878
UFLIA/sledgehammer/Fundamental_Theorem_Algebra/smtlib.1447330.smt2,0,1202.2778027300374,0,1201.719267864013,0,1201.7371250269935
UFLIA/sledgehammer/Fundamental_Theorem_Algebra/smtlib.1447742.smt2,0,1202.7220531189814,0,1201.7148514010478,0,1201.7841416858137
UFLIA/sledgehammer/Fundamental_Theorem_Algebra/smtlib.1451187.smt2,0,1202.7440608050092,0,1201.7144049659837,0,1201.7258925258648
UFLIA/sledgehammer/Fundamental_Theorem_Algebra/smtlib.1478401.smt2,0,1202.7249230190064,0,1201.7149853990413,0,1201.7220779280178
UFLIA/sledgehammer/Fundamental_Theorem_Algebra/smtlib.1514632.smt2,0,1202.7447132410016,0,1201.712180885952,0,1201.7364800269715
UFLIA/sledgehammer/Fundamental_Theorem_Algebra/smtlib.558045.smt2,0,1202.719652662985,0,1201.7146708369255,0,1201.7243167739362
UFLIA/sledgehammer/Fundamental_Theorem_Algebra/smtlib.558733.smt2,0,1202.7233113119728,0,1201.715183882974,0,1201.7349758828059
UFLIA/sledgehammer/Fundamental_Theorem_Algebra/smtlib.561006.smt2,0,1202.2462017409853,1,30.938413437921554,1,0.8521693418733776
UFLIA/sledgehammer/Fundamental_Theorem_Algebra/smtlib.576811.smt2,0,1201.7425511340261,0,1201.7123704201076,0,1201.7325635179877
UFLIA/sledgehammer/Fundamental_Theorem_Algebra/smtlib.576946.smt2,0,1201.7203122770297,0,1201.7196851258632,0,1201.7140520380344
UFLIA/sledgehammer/Fundamental_Theorem_Algebra/smtlib.582679.smt2,0,934.5163728300249,0,1201.7396065080538,0,1201.7367620421574
UFLIA/sledgehammer/Fundamental_Theorem_Algebra/smtlib.590508.smt2,0,901.213416108978,0,1201.7235815539025,0,1201.7271729230415
UFLIA/sledgehammer/Fundamental_Theorem_Algebra/smtlib.593669.smt2,0,1202.7439668169827,0,1201.7214611808304,0,1201.7435957221314
UFLIA/sledgehammer/Fundamental_Theorem_Algebra/smtlib.594068.smt2,0,1202.7481067430344,0,1201.7316432280932,0,1201.722663799068
UFLIA/sledgehammer/Fundamental_Theorem_Algebra/smtlib.602592.smt2,0,1201.7172779450193,0,1201.7216678599361,0,1201.7241051879246
UFLIA/sledgehammer/Fundamental_Theorem_Algebra/smtlib.628470.smt2,0,1202.7458920319914,1,0.35317738191224635,1,5.91867744596675
UFLIA/sledgehammer/Fundamental_Theorem_Algebra/smtlib.644860.smt2,0,1043.4272394709988,0,1201.7338933730498,0,1201.726292751031
UFLIA/sledgehammer/Fundamental_Theorem_Algebra/smtlib.653489.smt2,0,1202.7157179850037,0,1201.7125454200432,0,1201.7621618129779
UFLIA/sledgehammer/Fundamental_Theorem_Algebra/smtlib.678864.smt2,1,1.2256542189861648,1,0.22627152502536774,1,772.9692909270525
UFLIA/sledgehammer/Fundamental_Theorem_Algebra/smtlib.691578.smt2,1,1.4588352430146188,1,0.28053628909401596,1,30.992251029005274
UFLIA/sledgehammer/Fundamental_Theorem_Algebra/smtlib.735143.smt2,0,1202.7711187439854,0,1201.7369544238318,0,1201.7321238541044
UFLIA/sledgehammer/Fundamental_Theorem_Algebra/smtlib.738258.smt2,0,1150.3927001130069,1,0.3354577370919287,1,463.53206447302364
UFLIA/sledgehammer/Fundamental_Theorem_Algebra/smtlib.739915.smt2,0,340.2341802759911,0,1201.7148507088423,0,1201.7250670390204
UFLIA/sledgehammer/Fundamental_Theorem_Algebra/smtlib.742981.smt2,0,1202.7172315599746,0,1201.7122436850332,0,1201.7280366169289
UFLIA/sledgehammer/Fundamental_Theorem_Algebra/smtlib.743386.smt2,0,1201.744418598013,0,1201.7131490518805,0,1201.7403571631294
UFLIA/sledgehammer/Fundamental_Theorem_Algebra/smtlib.745189.smt2,0,1201.719396430999,0,1201.7134584649466,0,1201.7521156161092
UFLIA/sledgehammer/Fundamental_Theorem_Algebra/smtlib.745445.smt2,0,684.3132152479957,0,1201.7125153529923,0,1201.7278383921366
UFLIA/sledgehammer/Fundamental_Theorem_Algebra/smtlib.752753.smt2,0,1159.0653782599838,0,1201.711808592081,0,1201.7274427600205
UFLIA/sledgehammer/Fundamental_Theorem_Algebra/smtlib.753561.smt2,0,1202.7195447550039,0,1201.7124346559867,0,1201.7468156609684
UFLIA/sledgehammer/Fundamental_Theorem_Algebra/smtlib.783350.smt2,0,327.52063089300646,0,1201.7133238681126,0,1201.731917934958
UFLIA/sledgehammer/Fundamental_Theorem_Algebra/smtlib.787686.smt2,0,1098.493858944974,0,1201.7356260588858,0,1201.7225299139973
UFLIA/sledgehammer/Fundamental_Theorem_Algebra/smtlib.819902.smt2,0,1202.7223049609456,1,0.3359716348350048,1,112.09003825113177
UFLIA/sledgehammer/Fundamental_Theorem_Algebra/smtlib.827183.smt2,0,1202.2451501670294,0,1201.7101523978636,0,1201.7266696870793
UFLIA/sledgehammer/Fundamental_Theorem_Algebra/smtlib.838321.smt2,0,1202.7476982370135,0,1201.719199467916,0,1201.7244019990321
UFLIA/sledgehammer/Fundamental_Theorem_Algebra/smtlib.855575.smt2,1,0.5160373679827899,1,0.2310467518400401,1,99.086592128966
UFLIA/sledgehammer/Fundamental_Theorem_Algebra/smtlib.864403.smt2,0,1202.744724031014,0,1201.7177270199172,1,3.391494697192684
UFLIA/sledgehammer/Fundamental_Theorem_Algebra/smtlib.876477.smt2,0,1168.3456773309736,0,1201.7138647600077,0,1201.7260605089832
UFLIA/sledgehammer/Fundamental_Theorem_Algebra/smtlib.890519.smt2,0,1202.772037288989,0,1201.7100390729029,0,1201.738458211068
UFLIA/sledgehammer/Fundamental_Theorem_Algebra/smtlib.924212.smt2,1,1.9137942109955475,1,30.312276258133352,1,1.4091495219618082
UFLIA/sledgehammer/Fundamental_Theorem_Algebra/smtlib.934973.smt2,0,1163.2121287130285,1,31.589263268979266,1,2.432861134177074
UFLIA/sledgehammer/Fundamental_Theorem_Algebra/smtlib.937707.smt2,0,1202.7243139389902,1,0.2611870679538697,0,1201.7231510910206
UFLIA/sledgehammer/Fundamental_Theorem_Algebra/smtlib.943066.smt2,0,1202.747868001985,0,1201.712535090046,0,1201.7346857821103
UFLIA/sledgehammer/Fundamental_Theorem_Algebra/smtlib.947468.smt2,0,1202.7215708600124,1,0.36282196012325585,1,499.8963632171508
UFLIA/sledgehammer/Fundamental_Theorem_Algebra/smtlib.956852.smt2,1,0.85221390100196,1,0.23322049085982144,1,11.914602507837117
UFLIA/sledgehammer/Fundamental_Theorem_Algebra/smtlib.961677.smt2,0,1201.7174518189859,0,1201.7152904509567,0,1201.7237775770482
UFLIA/sledgehammer/Fundamental_Theorem_Algebra/smtlib.963456.smt2,0,1202.7242639290052,0,1201.7171016708016,0,1201.7272533460055
UFLIA/sledgehammer/Fundamental_Theorem_Algebra/smtlib.965334.smt2,0,1202.7417237240006,1,0.5443404330871999,0,1201.7319512628019
UFLIA/sledgehammer/Fundamental_Theorem_Algebra/smtlib.965954.smt2,0,1202.7196596650174,0,1201.712825938128,0,1201.745489110006
UFLIA/sledgehammer/Fundamental_Theorem_Algebra/smtlib.980066.smt2,0,1194.4887627020362,1,0.27363082696683705,1,3.8997377690393478
UFLIA/sledgehammer/Fundamental_Theorem_Algebra/smtlib.981914.smt2,0,1201.7437953870394,1,0.3348537718411535,0,1201.7394031239673
UFLIA/sledgehammer/Fundamental_Theorem_Algebra/smtlib.990273.smt2,0,1202.7188540060306,0,1201.7127776411362,0,1201.7445886780042
UFLIA/sledgehammer/Fundamental_Theorem_Algebra/smtlib.995052.smt2,0,1201.7685496879858,0,1201.716238034889,0,1201.7489389257971
UFLIA/sledgehammer/Fundamental_Theorem_Algebra/smtlib.996928.smt2,0,1202.7566713799606,1,276.82101171812974,1,11.401820664992556
UFLIA/sledgehammer/Fundamental_Theorem_Algebra/z3.1476271.smt2,0,1202.7447155190166,0,1201.7122581868898,0,1201.7575656429399
UFLIA/sledgehammer/Fundamental_Theorem_Algebra/z3.666976.smt2,0,1202.7445602460066,1,0.267284600995481,0,1201.7497590691783
UFLIA/sledgehammer/Hoare/smtlib.1011935.smt2,0,1202.7160054739797,1,440.3379837439861,0,1201.7251667210367
UFLIA/sledgehammer/Hoare/smtlib.1012696.smt2,0,1202.747587594029,0,1201.7195680520963,0,1201.744885967113
UFLIA/sledgehammer/Hoare/smtlib.1027806.smt2,0,1202.2423022229923,1,3.8501315049361438,0,1201.7325496710837
UFLIA/sledgehammer/Hoare/smtlib.1030501.smt2,0,1202.7204523489927,1,72.74964253394864,0,1201.718467107974
UFLIA/sledgehammer/Hoare/smtlib.1035171.smt2,0,0.5679906150326133,0,120.56356627284549,0,1201.722196528921
UFLIA/sledgehammer/Hoare/smtlib.1097706.smt2,0,1202.7186510969768,0,1201.7114864031319,0,1201.7313051291276
UFLIA/sledgehammer/Hoare/smtlib.1106692.smt2,0,1202.227779630979,0,1201.7119861429092,0,1201.7570222201757
UFLIA/sledgehammer/Hoare/smtlib.1110561.smt2,0,1202.7115106990095,0,1201.7114047559444,0,1201.7446870349813
UFLIA/sledgehammer/Hoare/smtlib.1110939.smt2,0,1202.273581634974,0,1201.736919276882,0,1201.7376729128882
UFLIA/sledgehammer/Hoare/smtlib.1128487.smt2,0,1202.7202026459854,0,1201.712912685005,0,1201.7545530889183
UFLIA/sledgehammer/Hoare/smtlib.1129306.smt2,0,1201.7425000469666,0,1201.7129644108936,0,1201.7324628520291
UFLIA/sledgehammer/Hoare/smtlib.1133210.smt2,0,1201.742983684002,0,1201.7151146109682,0,1201.734679171117
UFLIA/sledgehammer/Hoare/smtlib.1137114.smt2,0,1201.7199083940359,0,1201.7142208591104,0,1201.72369031189
UFLIA/sledgehammer/Hoare/smtlib.1155711.smt2,0,1202.23306937702,1,0.36049666488543153,1,869.5917264870368
UFLIA/sledgehammer/Hoare/smtlib.1191313.smt2,0,1202.745859380986,1,35.426695032045245,1,10.951936230994761
UFLIA/sledgehammer/Hoare/smtlib.1205718.smt2,1,10.40241411596071,1,1.5102034648880363,1,2.8789585079066455
UFLIA/sledgehammer/Hoare/smtlib.1209105.smt2,0,1202.2207613530336,0,1201.715257216012,0,1201.7469397538807
UFLIA/sledgehammer/Hoare/smtlib.1224776.smt2,0,1202.7445440809825,1,29.48497758503072,1,1.4090012770611793
UFLIA/sledgehammer/Hoare/smtlib.1234055.smt2,0,1202.7188203759724,0,1201.7379809841514,0,1201.728074671002
UFLIA/sledgehammer/Hoare/smtlib.560167.smt2,0,1202.2191901890328,0,1201.7161162481643,0,1201.766358705936
UFLIA/sledgehammer/Hoare/smtlib.571239.smt2,0,1202.719634314999,1,0.6092663919553161,0,1201.748086918844
UFLIA/sledgehammer/Hoare/smtlib.571875.smt2,0,1202.7200687869918,1,0.22585091297514737,0,1201.7244854189921
UFLIA/sledgehammer/Hoare/smtlib.607317.smt2,0,1202.719309880049,1,0.6260073438752443,0,1201.7309897891246
UFLIA/sledgehammer/Hoare/smtlib.628054.smt2,0,1202.7188400369487,0,1201.712882906897,0,1201.7752338151913
UFLIA/sledgehammer/Hoare/smtlib.630695.smt2,1,11.18689098302275,1,0.3425006971228868,1,63.01416227896698
UFLIA/sledgehammer/Hoare/smtlib.634751.smt2,0,1202.2419094910147,0,1201.7300754571334,0,1201.7349782560486
UFLIA/sledgehammer/Hoare/smtlib.644503.smt2,0,1202.2489120270475,1,4.240086357109249,0,1201.778019092977
UFLIA/sledgehammer/Hoare/smtlib.648419.smt2,0,1202.745083819027,1,356.1088601909578,1,839.1014174730517
UFLIA/sledgehammer/Hoare/smtlib.660166.smt2,0,1202.7187759160297,1,5.102601316990331,1,39.98305870802142
UFLIA/sledgehammer/Hoare/smtlib.667201.smt2,1,321.8322606040165,1,0.36745598795823753,1,8.928322996012866
UFLIA/sledgehammer/Hoare/smtlib.699602.smt2,0,1202.7436491459957,0,1201.717973784078,0,1201.7244791949634
UFLIA/sledgehammer/Hoare/smtlib.700407.smt2,0,1202.7194781320286,0,1201.711707792012,0,1201.7200500559993
UFLIA/sledgehammer/Hoare/smtlib.747169.smt2,0,1201.7208800310036,0,1201.724529317813,0,1201.7395013971254
UFLIA/sledgehammer/Hoare/smtlib.754414.smt2,0,1201.742313899973,0,1201.7221379340626,0,1201.7303507239558
UFLIA/sledgehammer/Hoare/smtlib.774037.smt2,1,711.0580227440223,1,0.2909987289458513,1,1.40050700888969
UFLIA/sledgehammer/Hoare/smtlib.779492.smt2,0,1202.7443633240182,0,1201.7159683289938,0,1201.7859931588173
UFLIA/sledgehammer/Hoare/smtlib.783887.smt2,0,636.5995316909975,0,1201.7154965631198,0,1201.7481058670674
UFLIA/sledgehammer/Hoare/smtlib.800258.smt2,0,1202.718718973978,1,141.50298290513456,0,1201.7346061838325
UFLIA/sledgehammer/Hoare/smtlib.804621.smt2,0,1202.7708181259804,1,127.75807907897979,0,1201.7231447629165
UFLIA/sledgehammer/Hoare/smtlib.808979.smt2,0,1202.7724769680062,1,115.43927011196502,0,1201.7543388048653
UFLIA/sledgehammer/Hoare/smtlib.824530.smt2,0,1201.7155218549888,0,1201.7119464289863,0,1201.7277041899506
UFLIA/sledgehammer/Hoare/smtlib.849485.smt2,0,1201.74585235602,1,0.38954073400236666,0,1201.7448697991204
UFLIA/sledgehammer/Hoare/smtlib.874055.smt2,0,1202.755088078964,1,1.1585814009886235,0,1201.753189331852
UFLIA/sledgehammer/Hoare/smtlib.890691.smt2,0,1202.7690794600057,0,1201.7133354898542,0,1201.7239934469108
UFLIA/sledgehammer/Hoare/smtlib.891187.smt2,0,1202.720196373004,0,1201.7136911400594,0,1201.7271695751697
UFLIA/sledgehammer/Hoare/smtlib.896773.smt2,0,1202.7205703799846,1,30.475896171061322,1,891.6307555087842
UFLIA/sledgehammer/Hoare/smtlib.922215.smt2,0,1202.743744359992,0,1201.7135596268345,0,1201.7354007880203
UFLIA/sledgehammer/Hoare/smtlib.930836.smt2,0,1201.7428795179585,0,1201.7140048779547,0,1201.7299621980637
UFLIA/sledgehammer/Hoare/smtlib.931862.smt2,0,1202.7276885490282,0,1201.7165832151659,0,1201.7379752648994
UFLIA/sledgehammer/Hoare/smtlib.936204.smt2,0,1202.218728193955,0,1201.712251542136,0,1201.724854334956
UFLIA/sledgehammer/Hoare/smtlib.944852.smt2,0,1202.749558966956,1,0.786637474084273,0,1201.7337315171026
UFLIA/sledgehammer/Hoare/smtlib.987202.smt2,0,1202.724077516992,1,0.5358461400028318,0,1201.7468131149653
UFLIA/sledgehammer/Hoare/smtlib.993842.smt2,0,0.5842418120009825,0,60.461883556097746,0,1201.7257810588926
UFLIA/sledgehammer/Hoare/smtlib.993896.smt2,1,0.5369637610274367,1,0.2256384650245309,1,2.4072494278661907
UFLIA/sledgehammer/Hoare/z3.571837.smt2,0,1202.720789977,1,0.22571184183470905,0,1201.7445587101392
UFLIA/sledgehammer/NS_Shared/smtlib.575434.smt2,0,860.2642672790098,0,1201.7196414768696,0,1201.7364779638592
UFLIA/sledgehammer/NS_Shared/smtlib.580173.smt2,0,1202.719775140984,1,0.6707522580400109,1,41.48392786597833
UFLIA/sledgehammer/NS_Shared/smtlib.583829.smt2,0,179.58020442997804,0,163.1150728929788,0,1201.7284889849834
UFLIA/sledgehammer/NS_Shared/smtlib.585704.smt2,1,111.22937729698606,1,0.34272752492688596,1,13.978358381893486
UFLIA/sledgehammer/NS_Shared/smtlib.640264.smt2,0,1202.720397344965,0,1201.7207049159333,0,1201.7406324988697
UFLIA/sledgehammer/NS_Shared/smtlib.645854.smt2,0,1202.7195343120256,0,1201.712134080939,0,1201.744857425103
UFLIA/sledgehammer/NS_Shared/smtlib.652756.smt2,0,1202.2209248750005,0,1201.7189433011226,0,1201.7370561989956
UFLIA/sledgehammer/NS_Shared/smtlib.770900.smt2,0,1202.723350493994,0,1201.7160650379956,0,1201.7314818210434
UFLIA/sledgehammer/NS_Shared/smtlib.803649.smt2,0,1202.7229802659713,0,1201.7154150309507,0,1201.7248379059602
UFLIA/sledgehammer/NS_Shared/smtlib.807156.smt2,0,1202.746044161031,0,1201.7368462621234,0,1201.726990279043
UFLIA/sledgehammer/NS_Shared/smtlib.814955.smt2,0,1202.7403923249803,0,1201.760319983121,0,1201.7306982460432
UFLIA/sledgehammer/NS_Shared/smtlib.827090.smt2,0,1202.228491003043,0,1201.7154416118283,0,1201.727320350008
UFLIA/sledgehammer/NS_Shared/smtlib.831444.smt2,0,1202.2207711649826,1,0.5606968880165368,0,1201.722493898822
UFLIA/sledgehammer/NS_Shared/smtlib.870441.smt2,0,1202.743902229995,0,1201.7180399801582,0,1201.723644406069
UFLIA/sledgehammer/NS_Shared/smtlib.915003.smt2,0,1202.2167547030258,1,0.41270964895375073,1,863.0223721098155
UFLIA/sledgehammer/QEpres/smtlib.1010125.smt2,0,1202.7186465029954,0,1201.7252633830067,0,1201.7462808450218
UFLIA/sledgehammer/QEpres/smtlib.1021612.smt2,0,1202.743503375037,0,1201.73439612519,0,1201.7379834691528
UFLIA/sledgehammer/QEpres/smtlib.1024995.smt2,0,1202.7471787609975,0,1201.717954252148,0,1201.7263846118003
UFLIA/sledgehammer/QEpres/smtlib.1087039.smt2,0,1202.7522917140159,0,1201.740937108174,0,1201.730565640144
UFLIA/sledgehammer/QEpres/smtlib.1091242.smt2,0,617.266474100994,1,0.5165153548587114,1,34.52112503000535
UFLIA/sledgehammer/QEpres/smtlib.1093300.smt2,0,1126.0332011050195,0,1201.7131199080031,0,1201.7238108771853
UFLIA/sledgehammer/QEpres/smtlib.1100784.smt2,0,1093.679724873975,0,1201.7104783779941,0,1201.7355893109925
UFLIA/sledgehammer/QEpres/smtlib.1107581.smt2,1,0.4976596370106563,0,79.16483895201236,0,1201.7756769920234
UFLIA/sledgehammer/QEpres/smtlib.1110828.smt2,1,0.5928031109506264,0,108.23291507805698,0,1201.755476355087
UFLIA/sledgehammer/QEpres/smtlib.1114045.smt2,1,0.525853939994704,0,88.97429582010955,0,1201.7271159570664
UFLIA/sledgehammer/QEpres/smtlib.1125496.smt2,0,1202.7207991009927,0,1201.7109711379744,0,1201.751401965972
UFLIA/sledgehammer/QEpres/smtlib.1140641.smt2,0,1202.719648259983,0,1201.7360215419903,0,1201.74481048109
UFLIA/sledgehammer/QEpres/smtlib.1158396.smt2,0,1202.7462060860125,0,1201.7134120459668,0,1201.7498284261674
UFLIA/sledgehammer/QEpres/smtlib.1165046.smt2,0,1202.718453448033,0,1201.7128009439912,0,1201.7320260549895
UFLIA/sledgehammer/QEpres/smtlib.1193394.smt2,0,1202.719838168996,1,0.36432170611806214,1,17.956624964019284
UFLIA/sledgehammer/QEpres/smtlib.1216924.smt2,0,1202.7241154009826,0,1201.713325729128,0,1201.7375564929098
UFLIA/sledgehammer/QEpres/smtlib.1217538.smt2,0,1202.7205978659913,0,1201.7132002850994,0,1201.7212805058807
UFLIA/sledgehammer/QEpres/smtlib.1224557.smt2,0,1202.725474138977,0,1201.7158461548388,0,1201.7311285119504
UFLIA/sledgehammer/QEpres/smtlib.1228959.smt2,0,1202.7479289289913,0,1201.7232826368418,0,1201.7488417821005
UFLIA/sledgehammer/QEpres/smtlib.1244119.smt2,1,0.5096723290043883,0,297.78538662195206,0,1201.7348463700619
UFLIA/sledgehammer/QEpres/smtlib.577672.smt2,0,912.1089782300405,0,1201.7124918531626,0,1201.7327814949676
UFLIA/sledgehammer/QEpres/smtlib.580475.smt2,0,1201.7235104009742,0,1201.746582819149,0,1201.72693367186
UFLIA/sledgehammer/QEpres/smtlib.580681.smt2,0,1201.713041991985,0,1201.7272842649836,0,1201.7381493840367
UFLIA/sledgehammer/QEpres/smtlib.584192.smt2,0,204.26902590796817,0,1201.712757468922,0,1201.725806718925
UFLIA/sledgehammer/QEpres/smtlib.590880.smt2,0,1202.7443586959853,0,1201.7118524049874,0,1201.7245241159108
UFLIA/sledgehammer/QEpres/smtlib.591402.smt2,0,762.7568500750349,0,1201.7343873600475,0,1201.7279875129461
UFLIA/sledgehammer/QEpres/smtlib.602493.smt2,0,1202.7209733540076,1,210.47600470902398,1,29.45191867602989
UFLIA/sledgehammer/QEpres/smtlib.606634.smt2,0,1201.7450610779924,0,1201.7122281650081,1,3.969165649963543
UFLIA/sledgehammer/QEpres/smtlib.609781.smt2,0,1201.7189832500299,0,1201.7142299541738,1,3.91721220780164
UFLIA/sledgehammer/QEpres/smtlib.618774.smt2,0,1202.754842916038,0,1201.7227466108743,1,2.8686686230357736
UFLIA/sledgehammer/QEpres/smtlib.644437.smt2,0,1202.720539102971,1,210.7975925609935,1,25.94814971392043
UFLIA/sledgehammer/QEpres/smtlib.651955.smt2,0,1202.7201724409824,1,0.3182545357849449,1,282.25977457594126
UFLIA/sledgehammer/QEpres/smtlib.657335.smt2,0,1201.7163709449815,0,1201.7200235410128,0,1201.7435677920002
UFLIA/sledgehammer/QEpres/smtlib.660943.smt2,0,1202.2420961390017,0,1201.7216161901597,0,1201.7305435559247
UFLIA/sledgehammer/QEpres/smtlib.673200.smt2,0,1202.7178088729852,0,1201.7224228070118,0,1201.7393000919838
UFLIA/sledgehammer/QEpres/smtlib.682742.smt2,0,1202.7190528039937,0,1201.7134706431534,0,1201.7265390481334
UFLIA/sledgehammer/QEpres/smtlib.690800.smt2,0,1202.219579694036,0,1201.711715413956,0,1201.744764074916
UFLIA/sledgehammer/QEpres/smtlib.699580.smt2,0,1202.2191896540462,0,1201.7184774482157,0,1201.7199898730032
UFLIA/sledgehammer/QEpres/smtlib.721296.smt2,0,481.1485237359884,0,1201.7127680010162,1,3.3652106830850244
UFLIA/sledgehammer/QEpres/smtlib.722998.smt2,0,1202.7244425749523,0,1201.7124801538885,0,1201.7199144638143
UFLIA/sledgehammer/QEpres/smtlib.730254.smt2,0,908.1556465960457,0,1201.7195792230777,0,1201.7268718001433
UFLIA/sledgehammer/QEpres/smtlib.740613.smt2,0,0.7739668320282362,0,1201.7129752750043,0,1201.729508333141
UFLIA/sledgehammer/QEpres/smtlib.740657.smt2,0,0.983488961996045,0,1201.7468243208714,0,1201.7242354101036
UFLIA/sledgehammer/QEpres/smtlib.745834.smt2,0,632.0923584189732,0,1201.71540494496,0,1201.7438036228996
UFLIA/sledgehammer/QEpres/smtlib.748876.smt2,0,1202.7427855239948,0,1201.7172703971155,0,1201.7283775419928
UFLIA/sledgehammer/QEpres/smtlib.749329.smt2,0,1201.7189621960279,0,1201.720518443035,0,1201.7259413010906
UFLIA/sledgehammer/QEpres/smtlib.771932.smt2,0,1202.2198982560076,0,1201.7180728309322,0,1201.7354983601253
UFLIA/sledgehammer/QEpres/smtlib.785288.smt2,0,735.1030262779677,0,1201.7370503409766,0,1201.7268871050328
UFLIA/sledgehammer/QEpres/smtlib.788951.smt2,0,1202.748801800015,0,1201.7126865510363,0,1201.7281842748635
UFLIA/sledgehammer/QEpres/smtlib.822731.smt2,0,1202.718159543001,0,1201.710776437074,0,1201.7298495699652
UFLIA/sledgehammer/QEpres/smtlib.826872.smt2,0,1202.7188425229979,0,1201.7155662730802,0,1201.7247976670042
UFLIA/sledgehammer/QEpres/smtlib.830189.smt2,0,1202.7176275099628,0,1201.7111480210442,0,1201.7456322931685
UFLIA/sledgehammer/QEpres/smtlib.830729.smt2,0,1201.7227131390246,0,1201.7198286368512,0,1201.7377867060713
UFLIA/sledgehammer/QEpres/smtlib.832403.smt2,0,1202.756062913977,0,1201.7131093880162,0,1201.7369080500212
UFLIA/sledgehammer/QEpres/smtlib.873516.smt2,0,1202.744484386989,0,1201.71247201995,0,1201.753555038944
UFLIA/sledgehammer/QEpres/smtlib.882231.smt2,0,1202.718242248986,1,0.3709757730830461,1,858.5609948539641
UFLIA/sledgehammer/QEpres/smtlib.894923.smt2,0,1202.718963762978,0,1201.7150726849213,0,1201.7282363991253
UFLIA/sledgehammer/QEpres/smtlib.897372.smt2,0,1202.7446089709993,0,1201.7160103968345,0,1201.7360059258062
UFLIA/sledgehammer/QEpres/smtlib.899134.smt2,0,1134.60584904399,0,1201.7283435082063,0,1201.7228993538301
UFLIA/sledgehammer/QEpres/smtlib.909222.smt2,0,1201.7139796920237,0,1201.7282861210406,0,1201.73060492496
UFLIA/sledgehammer/QEpres/smtlib.921569.smt2,0,1202.7195562329725,0,1201.7110020511318,0,1201.725831826916
UFLIA/sledgehammer/QEpres/smtlib.922072.smt2,0,1202.7409595560166,0,1201.7194657670334,0,1201.7173518289346
UFLIA/sledgehammer/QEpres/smtlib.929336.smt2,0,1201.7169631499564,0,1201.713004722027,0,1201.7226899368688
UFLIA/sledgehammer/QEpres/smtlib.931743.smt2,0,1202.7442695489735,0,1201.7184187751263,0,1201.734620634932
UFLIA/sledgehammer/QEpres/smtlib.948708.smt2,0,1202.2489349740208,0,1201.7286012449767,0,1201.7385639790446
UFLIA/sledgehammer/QEpres/smtlib.952482.smt2,0,1202.7268902439973,0,1201.7150850631297,0,1201.742389505962
UFLIA/sledgehammer/QEpres/smtlib.963961.smt2,0,858.6066046850174,0,1201.7181262648664,0,1201.7241010700818
UFLIA/sledgehammer/QEpres/smtlib.967490.smt2,0,1202.747041336028,0,1201.716315377038,0,1201.7230611171108
UFLIA/sledgehammer/QEpres/smtlib.980521.smt2,0,1202.7205916439998,1,31.20950727001764,0,1201.7296327787917
UFLIA/sledgehammer/QEpres/smtlib.982041.smt2,0,1202.7211802859674,1,30.77586032007821,1,68.53166116704233
UFLIA/sledgehammer/StrongNorm/smtlib.557691.smt2,0,1202.7443096220377,0,1201.7162788731512,0,1201.7290344261564
UFLIA/sledgehammer/StrongNorm/smtlib.567473.smt2,0,519.2634518339764,0,1201.7263722738717,0,1201.740178074222
UFLIA/sledgehammer/StrongNorm/smtlib.579085.smt2,0,535.0448581979726,0,1201.714037155034,0,1201.7445005779155
UFLIA/sledgehammer/StrongNorm/smtlib.582599.smt2,0,350.62418790196534,0,1201.7123213149607,0,1201.7285093208775
UFLIA/sledgehammer/StrongNorm/smtlib.594005.smt2,0,970.2356571219862,1,0.3839807289186865,0,1201.7364091440104
UFLIA/sledgehammer/StrongNorm/smtlib.606754.smt2,0,534.1389774080017,0,1201.7472369950265,0,1201.722865742864
UFLIA/sledgehammer/StrongNorm/smtlib.637323.smt2,0,1202.7173814710113,0,1201.7138018421829,0,1201.727492284961
UFLIA/sledgehammer/StrongNorm/smtlib.643239.smt2,0,1202.7181384899886,0,1201.7395352160092,0,1201.741488689091
UFLIA/sledgehammer/StrongNorm/smtlib.687435.smt2,0,1202.7237716419622,0,1201.7129183700308,0,1201.731092819944
UFLIA/sledgehammer/StrongNorm/smtlib.722073.smt2,0,1202.217899471987,1,5.077822030056268,0,1201.727106945822
UFLIA/sledgehammer/StrongNorm/smtlib.733215.smt2,0,1202.7195832629804,0,1201.7209617039189,0,1201.7387506149244
UFLIA/sledgehammer/StrongNorm/smtlib.753157.smt2,0,1201.7206082749763,0,1201.7243718300015,0,1201.7487394681666
UFLIA/sledgehammer/StrongNorm/smtlib.756536.smt2,0,1202.7461906570243,0,1201.71494475496,0,1201.7311777940486
UFLIA/sledgehammer/StrongNorm/smtlib.772787.smt2,0,953.7611758920248,0,1201.7450247290544,0,1201.7413301470224
UFLIA/sledgehammer/StrongNorm/smtlib.773316.smt2,0,523.5352137829759,0,1201.712915556971,0,1201.724850794999
UFLIA/sledgehammer/StrongNorm/smtlib.773563.smt2,0,1202.7200338719995,0,1201.7126255759504,0,1201.7522487069946
UFLIA/sledgehammer/StrongNorm/smtlib.779895.smt2,0,0.48107090103439987,0,60.453712615184486,0,1201.7283306980971
UFLIA/sledgehammer/StrongNorm/smtlib.786960.smt2,0,1202.243749551999,0,1201.738432093989,0,1201.721868460998
UFLIA/sledgehammer/StrongNorm/smtlib.797909.smt2,0,1014.9549253410078,0,1201.7176125580445,0,1201.7285958351567
UFLIA/sledgehammer/StrongNorm/smtlib.841017.smt2,0,347.4994512149715,1,6.364461731864139,0,1201.72710577189
UFLIA/sledgehammer/StrongNorm/smtlib.844174.smt2,0,1202.7706478089676,0,1201.7304603920784,0,1201.720140140038
UFLIA/sledgehammer/StrongNorm/smtlib.845457.smt2,0,1202.7441458990215,0,1201.710677509196,0,1201.729618637124
UFLIA/sledgehammer/StrongNorm/smtlib.846267.smt2,0,1201.7720808510203,0,1201.711118307896,0,1201.7242248500697
UFLIA/sledgehammer/StrongNorm/smtlib.853023.smt2,1,1.7321446010028012,1,0.30193897103890777,1,17.508967167930678
UFLIA/sledgehammer/StrongNorm/smtlib.857095.smt2,0,1202.7206523359637,0,1201.7141630460974,0,1201.7463352531195
UFLIA/sledgehammer/StrongNorm/smtlib.868488.smt2,0,1201.756571837992,0,1201.7125640821178,0,1201.7267537070438
UFLIA/sledgehammer/StrongNorm/smtlib.872237.smt2,0,1202.768988965021,0,1201.71366150002,0,1201.754385115113
UFLIA/sledgehammer/TwoSquares/smtlib.592026.smt2,0,1202.7708174299914,0,1201.7197975078598,0,1201.7276475059334
UFLIA/sledgehammer/TwoSquares/smtlib.592580.smt2,0,913.1420242750319,0,1201.7293478141073,0,1201.7267965560313
UFLIA/sledgehammer/TwoSquares/smtlib.595748.smt2,0,1202.210431822983,0,1201.7114899668377,0,1201.7400686750188
UFLIA/sledgehammer/TwoSquares/smtlib.625641.smt2,0,1202.7427597619826,0,1201.7250657009427,0,1201.732054041
UFLIA/sledgehammer/TwoSquares/smtlib.627245.smt2,0,1202.7404140399885,0,1201.7265912170988,0,1201.7248727481347
UFLIA/sledgehammer/TwoSquares/smtlib.629305.smt2,0,1202.7219409819809,1,44.99890210502781,1,3.923952887998894
UFLIA/sledgehammer/TwoSquares/smtlib.647292.smt2,0,1202.744389547035,1,0.30974742607213557,1,14.93135038902983
UFLIA/sledgehammer/TwoSquares/smtlib.649769.smt2,0,0.48783304600510746,0,60.54755043797195,0,1201.7228384769987
UFLIA/sledgehammer/TwoSquares/smtlib.659960.smt2,1,0.9255249899579212,1,0.2678761992137879,1,7.399565008934587
UFLIA/sledgehammer/TwoSquares/smtlib.673465.smt2,0,1201.7156753570307,0,1201.7115802669432,0,1201.731548344018
UFLIA/sledgehammer/TwoSquares/smtlib.711545.smt2,0,1202.719783182023,1,290.7675988301635,1,139.09038311010227
UFLIA/sledgehammer/TwoSquares/smtlib.712433.smt2,0,1202.2175662220106,1,7.26415798207745,0,1201.739137683995
UFLIA/sledgehammer/TwoSquares/smtlib.719366.smt2,0,1202.7202596730203,0,1201.7164518551435,0,1201.7233616798185
UFLIA/sledgehammer/TwoSquares/smtlib.719513.smt2,0,1202.7453420660459,0,1201.7152716850396,0,1201.727058728924
UFLIA/sledgehammer/TwoSquares/smtlib.730078.smt2,0,1202.248568058014,0,1201.7294603171758,0,1201.7356420459691
UFLIA/sledgehammer/TwoSquares/smtlib.742141.smt2,1,0.8030972100095823,1,0.2295150998979807,1,0.8836179650388658
UFLIA/sledgehammer/TwoSquares/smtlib.746975.smt2,0,1202.7239744709805,1,0.4816137379966676,1,1076.1488825951237
UFLIA/sledgehammer/TwoSquares/smtlib.748022.smt2,0,1201.74544754799,0,1201.7135010010097,0,1201.7359784368891
UFLIA/sledgehammer/TwoSquares/smtlib.768507.smt2,1,1.456507255032193,1,0.2615872249007225,1,0.8692529750987887
UFLIA/sledgehammer/TwoSquares/smtlib.771933.smt2,0,1202.744336912001,1,120.52165698586032,0,1201.7298916392028
UFLIA/sledgehammer/TwoSquares/smtlib.772307.smt2,0,1201.741813953966,1,0.4059904769528657,0,1201.7161021039356
UFLIA/sledgehammer/TwoSquares/smtlib.785951.smt2,0,1202.717313287023,1,0.8813416310586035,0,1201.7218073159456
UFLIA/sledgehammer/TwoSquares/smtlib.795098.smt2,1,1.05204004899133,1,0.2616575029678643,1,0.8638490980956703
UFLIA/sledgehammer/TwoSquares/smtlib.806804.smt2,1,2.863233827985823,1,0.3056920999661088,1,0.8671784778125584
UFLIA/sledgehammer/TwoSquares/smtlib.813442.smt2,0,1202.7245957429986,0,1201.718066611793,0,1201.7406630748883
UFLIA/sledgehammer/TwoSquares/smtlib.813480.smt2,0,1201.714473466971,0,1201.7135108960792,0,1201.7359791458584
UFLIA/sledgehammer/TwoSquares/smtlib.820489.smt2,0,1202.7191880199825,1,98.98642455018125,0,1201.7461118791252
UFLIA/sledgehammer/TwoSquares/smtlib.821153.smt2,0,17.618895691994112,1,4.2301372301299125,0,1201.733305055881
UFLIA/sledgehammer/TwoSquares/smtlib.832972.smt2,0,1.1178571569616906,1,0.2272185788024217,1,30.052825028076768
UFLIA/sledgehammer/TwoSquares/smtlib.862868.smt2,0,1202.2240141109796,1,1.4717761899810284,0,1201.7339159611147
UFLIA/sledgehammer/TwoSquares/smtlib.889871.smt2,1,20.466241932997946,1,0.25354957091622055,1,0.8611963570583612
UFLIA/sledgehammer/TwoSquares/smtlib.894689.smt2,0,0.5197569370502606,0,60.56627276097424,0,1201.7334377688821
UFLIA/sledgehammer/TwoSquares/smtlib.894693.smt2,0,0.5335924149840139,0,60.44765023002401,0,1201.7264026738703
UFLIA/sledgehammer/TwoSquares/smtlib.912724.smt2,1,6.2818643159698695,1,0.2764420020394027,1,13.470784466015175
UFLIA/sledgehammer/TypeSafe/smtlib.1022424.smt2,0,1202.7242696660105,1,31.566174760926515,1,8.395293412962928
UFLIA/sledgehammer/TypeSafe/smtlib.1134448.smt2,0,1201.719117603032,0,1201.7117000839207,0,1201.731246898882
UFLIA/sledgehammer/TypeSafe/smtlib.1234495.smt2,0,1201.7168053489877,0,1201.7149063800462,0,1201.7412040699273
UFLIA/sledgehammer/TypeSafe/smtlib.1368584.smt2,0,1201.7440262060263,0,1201.7141390452161,0,1201.7433499100152
UFLIA/sledgehammer/TypeSafe/smtlib.1393310.smt2,0,1202.270392298,0,1201.7119167649653,0,1201.751968875993
UFLIA/sledgehammer/TypeSafe/smtlib.1397297.smt2,0,1201.7181014930247,0,1201.7140319058672,0,1201.72586640995
UFLIA/sledgehammer/TypeSafe/smtlib.621463.smt2,0,1201.7165452369954,0,1201.7126542390324,0,1201.747992606135
UFLIA/sledgehammer/TypeSafe/smtlib.743926.smt2,0,1202.722135937016,0,1201.71248598909,0,1201.7182327809278
UFLIA/sledgehammer/TypeSafe/smtlib.780949.smt2,0,1202.7201827829704,0,1201.7141797291115,0,1201.7232426949777
UFLIA/sledgehammer/TypeSafe/smtlib.784065.smt2,0,1202.252948975016,0,1201.7130772520322,0,1201.7232720009051
UFLIA/sledgehammer/TypeSafe/smtlib.817940.smt2,0,810.5591170460102,0,1201.7285857819952,0,1201.7233618670143
UFLIA/sledgehammer/TypeSafe/smtlib.826513.smt2,1,81.71920581598533,1,0.3982066127937287,1,1.3575763800181448
UFLIA/sledgehammer/TypeSafe/smtlib.833204.smt2,0,899.4443175679771,0,1201.7403095548507,0,1201.732626426965
UFLIA/sledgehammer/TypeSafe/smtlib.865325.smt2,0,1202.2444373099715,0,1201.7233825151343,0,1201.7239115862176
UFLIA/sledgehammer/TypeSafe/smtlib.899644.smt2,0,1201.7456780180219,0,1201.7312302920036,0,1201.7286730168853
UFLIA/sledgehammer/TypeSafe/smtlib.905367.smt2,0,1201.7455393639975,0,1201.7158504698891,0,1201.7453971679788
UFLIA/sledgehammer/TypeSafe/smtlib.930260.smt2,0,1201.7417717880453,0,1201.7134865389671,0,1201.7216754329856
UFLIA/tokeneer/admin/opisavailable-8.smt2,1,8.36670040001627,1,0.2343325698748231,1,35.45248353900388
UFLIA/tokeneer/admin/startop-2.smt2,0,1201.7171514569782,0,1201.7332735960372,0,1201.723900664132
UFLIA/tokeneer/admintoken/poll-4.smt2,0,1201.719817782985,0,1201.738449143013,0,1201.7420636420138
UFLIA/tokeneer/auditlog/addelementtologfile-3.smt2,1,3.4490244820481166,1,0.2406602909322828,1,0.8767120919656008
UFLIA/tokeneer/auditlog/clearlogentries-9.smt2,0,1201.7268206889858,0,1201.7136534459423,0,1201.7292597300839
UFLIA/tokeneer/auditlog/truncatelog-8.smt2,0,1201.7188883759663,0,1201.716332766926,0,1201.7162277619354
UFLIA/tokeneer/cert/isok-1.smt2,0,1201.7199554300169,0,1201.7112120839301,0,1201.7538357691374
UFLIA/tokeneer/configdata/writefile/workinghourstext-1.smt2,0,1.3442165110027418,0,1201.726152171148,0,1201.7331765207928
UFLIA/tokeneer/display/combinelines-21.smt2,0,1201.741771867033,1,0.2512634629383683,1,266.68855552119203
UFLIA/tokeneer/door/lockdoor-1.smt2,0,1.6033454239950515,0,1201.7120960748289,0,1201.7292191081215
UFLIA/tokeneer/door/poll-10.smt2,0,1.7951455859583803,0,1201.7147627940867,0,1201.725006307941
UFLIA/tokeneer/door/poll-11.smt2,0,1.497990922012832,0,1201.7361763401423,0,1201.7267941648606
UFLIA/tokeneer/enclave/progressadminactivity-9.smt2,0,777.2291558890138,0,1201.714090198977,0,1201.7664747000672
UFLIA/tokeneer/enclave/startadminactivity-3.smt2,0,1.5764010400162078,0,1201.7392817658838,0,1201.745598717127
UFLIA/tokeneer/enclave/startadminactivity-7.smt2,0,951.512212779955,0,1201.7130569459405,0,1201.732885106001
UFLIA/tokeneer/enrolment/validate-9.smt2,0,1.2696834499947727,0,1201.719993878156,0,1201.7330102389678
UFLIA/tokeneer/keystore/keymatchingissuerpresent-4.smt2,0,1201.7174979579868,0,1201.7171110159252,0,1201.7314600371756
UFLIA/tokeneer/latch/settimeout-3.smt2,0,1202.22313107003,0,1201.7164878319018,0,1201.7243009328377
UFLIA/tokeneer/latch/updatedevice-6.smt2,0,1.3724214909598231,0,1201.7137522469275,0,1201.744047270855
UFLIA/tokeneer/tismain/processing-6.smt2,0,1.599584017007146,0,1201.713478671154,0,1201.7599584460258
UFLIA/tokeneer/tokenreader/getreaderstate-1.smt2,1,1.0295015319716185,1,0.22779926285147667,1,14.435187278082594
UFLIA/tokeneer/tokenreader/init-42.smt2,1,13.108747425023466,1,0.26446364796720445,1,0.9201049250550568
UFLIA/tokeneer/tokenreader/poll/processreaderstatechange-5.smt2,1,8.283425471978262,1,0.23270158004015684,1,0.925663084955886
UFLIA/tokeneer/tokenreader/poll/processreaderstatechange-7.smt2,1,4.150399375997949,1,0.2415398769080639,1,0.8509726801421493
