path,Bitwuzla,,SMTInterpol,,cvc5,
,solved,runtime,solved,runtime,solved,runtime
ABV/20190429-UltimateAutomizerSvcomp2019/alternating_list_true-unreach-call_true-valid-memsafety.i_1.smt2,0,1201.2366020421032,0,0.47446923598181456,0,80.31479899515398
ABV/20190429-UltimateAutomizerSvcomp2019/alternating_list_true-unreach-call_true-valid-memsafety.i_14.smt2,0,0.2872239500284195,0,1201.741973497963,0,380.6875639378559
ABV/20190429-UltimateAutomizerSvcomp2019/alternating_list_true-unreach-call_true-valid-memsafety.i_8.smt2,0,2.300854219123721,1,38.98429524799576,1,38.71976398001425
ABV/20190429-UltimateAutomizerSvcomp2019/cs_szymanski_true-unreach-call.i_3.smt2,0,0.22479196498170495,0,0.6240772060118616,0,81.05626338184811
ABV/20190429-UltimateAutomizerSvcomp2019/cs_szymanski_true-unreach-call.i_5.smt2,1,0.27527820505201817,1,33.13350003398955,1,0.26528057805262506
ABV/20190429-UltimateAutomizerSvcomp2019/cs_time_var_mutex_true-unreach-call.i_2.smt2,0,0.24112473288550973,0,0.829443964001257,0,90.70368327386677
ABV/20190429-UltimateAutomizerSvcomp2019/dancing_true-unreach-call_false-valid-memtrack.i_0.smt2,0,0.2735560960136354,1,0.812545549008064,1,0.22445965884253383
ABV/20190429-UltimateAutomizerSvcomp2019/dancing_true-unreach-call_false-valid-memtrack.i_13.smt2,0,0.23699397617019713,0,1202.7452764489572,0,1201.7156497370452
ABV/20190429-UltimateAutomizerSvcomp2019/dancing_true-unreach-call_false-valid-memtrack.i_16.smt2,0,0.24560006894171238,1,0.8110230159945786,1,0.24418076500296593
ABV/20190429-UltimateAutomizerSvcomp2019/dll-circular_false-unreach-call_false-valid-memcleanup.i_0.smt2,0,0.2526533850468695,0,0.47732306795660406,0,1201.7161312061362
ABV/20190429-UltimateAutomizerSvcomp2019/dll_of_dll_false-unreach-call_false-valid-memcleanup.i_13.smt2,0,0.27017216105014086,0,1201.7377327500144,0,1201.7118673529476
ABV/20190429-UltimateAutomizerSvcomp2019/dll_of_dll_false-unreach-call_false-valid-memcleanup.i_6.smt2,0,0.2500330680049956,0,0.7292759949923493,0,1201.7176873898134
ABV/20190429-UltimateAutomizerSvcomp2019/dll_of_dll_true-unreach-call_true-valid-memsafety.i_11.smt2,0,0.26288570812903345,0,1.4246486449846998,0,1201.7152769020759
ABV/20190429-UltimateAutomizerSvcomp2019/dll_of_dll_true-unreach-call_true-valid-memsafety.i_9.smt2,0,0.2504393979907036,0,0.5729169340338558,0,1201.7118794929702
ABV/20190429-UltimateAutomizerSvcomp2019/ex3_forlist_true-termination.c_true-unreach-call.i_3.smt2,0,0.24181170901283622,0,0.5111349219805561,0,1201.7107371729799
ABV/20190429-UltimateAutomizerSvcomp2019/list_flag_true-unreach-call_false-valid-memtrack.i_0.smt2,0,1201.238105236087,1,0.4748628410161473,0,80.28467432688922
ABV/20190429-UltimateAutomizerSvcomp2019/list_flag_true-unreach-call_false-valid-memtrack.i_4.smt2,0,1201.2590069919825,1,0.5100711400154978,1,0.26908789202570915
ABV/20190429-UltimateAutomizerSvcomp2019/list_search_false-unreach-call_false-valid-memcleanup.i_2.smt2,0,0.22051292401738465,0,0.5752248059725389,0,94.27940175891854
ABV/20190429-UltimateAutomizerSvcomp2019/list_true-unreach-call_false-valid-memtrack.i_1.smt2,0,0.2656254640314728,0,1201.7196694010054,0,418.4571480790619
ABV/20190429-UltimateAutomizerSvcomp2019/s3_clnt.blast.01_false-unreach-call.i.cil.c_3.smt2,0,0.23962580086663365,0,0.8693304340122268,0,1201.7134709141683
ABV/20190429-UltimateAutomizerSvcomp2019/s3_clnt.blast.04_false-unreach-call.i.cil.c_0.smt2,0,0.2637616959400475,0,1.0677123249624856,0,1201.7108607569244
ABV/20190429-UltimateAutomizerSvcomp2019/simple_true-unreach-call_false-valid-memtrack.i_0.smt2,0,1201.256775524933,0,1201.7188684199937,0,1201.7146781620104
ABV/20190429-UltimateAutomizerSvcomp2019/sll-rb-sentinel_false-unreach-call_false-valid-memcleanup.i_5.smt2,0,0.2416019879747182,0,0.6914448360330425,0,1201.7409378709272
ABV/20190429-UltimateAutomizerSvcomp2019/sll-sorted_false-unreach-call_false-valid-memcleanup.i_1.smt2,0,0.24135305685922503,0,0.5889724590233527,0,1201.7340102719609
ABV/20190429-UltimateAutomizerSvcomp2019/sll-sorted_false-unreach-call_false-valid-memcleanup.i_12.smt2,0,1.2879160889424384,0,1202.2438059159904,0,1201.7375118329655
ABV/20190429-UltimateAutomizerSvcomp2019/sll_to_dll_rev_false-unreach-call_false-valid-memcleanup.i_0.smt2,0,0.24783882405608892,0,0.6930099690216593,0,82.55413278588094
ABV/20190429-UltimateAutomizerSvcomp2019/splice_true-unreach-call_false-valid-memtrack.i_5.smt2,0,0.26900215493515134,0,1201.7254492060165,0,1201.7128575819079
ABV/20190429-UltimateAutomizerSvcomp2019/standard_running_true-unreach-call.i_1.smt2,0,0.22647511097602546,0,0.5143761669751257,0,88.39959106594324
ABV/20190429-UltimateAutomizerSvcomp2019/standard_running_true-unreach-call.i_11.smt2,1,0.24954665289260447,0,0.5690251209889539,0,1201.7160922409967
ABV/20190429-UltimateAutomizerSvcomp2019/standard_running_true-unreach-call.i_12.smt2,1,0.23922285810112953,0,0.5766288670129143,0,1201.718925243942
ABV/20190429-UltimateAutomizerSvcomp2019/standard_running_true-unreach-call.i_3.smt2,0,0.24751444207504392,0,0.5157825209898874,1,0.2785047688521445
ABV/20190429-UltimateAutomizerSvcomp2019/standard_running_true-unreach-call.i_6.smt2,0,1201.240530676907,0,0.563409911992494,0,1201.7248226660304
ABV/20230321-UltimateAutomizerSvcomp2023/960521-1_1-2.i_0.smt2,1,0.21916172583587468,0,0.461091328994371,1,0.2468808100093156
ABV/20230321-UltimateAutomizerSvcomp2023/alternating_list-1.i_25.smt2,0,0.2580125010572374,0,0.49190997501136735,1,0.23728266591206193
ABV/20230321-UltimateAutomizerSvcomp2023/alternating_list-1.i_30.smt2,0,0.2322060049045831,0,0.4822882289881818,0,80.29208023799583
ABV/20230321-UltimateAutomizerSvcomp2023/alternating_list-1.i_35.smt2,0,0.22135685593821108,0,0.5192579050199129,0,80.30368439899758
ABV/20230321-UltimateAutomizerSvcomp2023/bubble_sort_linux-1.i_8.smt2,0,0.23894373304210603,0,16.391981290013064,0,1201.713432178134
ABV/20230321-UltimateAutomizerSvcomp2023/bubble_sort_linux-2.i_0.smt2,0,0.2300137891434133,0,2.398877776984591,0,1201.7229174319655
ABV/20230321-UltimateAutomizerSvcomp2023/bubble_sort_linux-2.i_10.smt2,0,0.2483198798727244,0,1201.7185347599443,0,1201.7146464809775
ABV/20230321-UltimateAutomizerSvcomp2023/bubble_sort_linux-2.i_106.smt2,0,0.22192740417085588,0,0.7123849949566647,0,380.7207730959635
ABV/20230321-UltimateAutomizerSvcomp2023/bubble_sort_linux-2.i_109.smt2,0,0.22366268397308886,0,0.8310411329730414,0,1201.7144387420267
ABV/20230321-UltimateAutomizerSvcomp2023/bubble_sort_linux-2.i_11.smt2,0,0.22167164785787463,0,162.84729647496715,0,1201.7128457771614
ABV/20230321-UltimateAutomizerSvcomp2023/bubble_sort_linux-2.i_116.smt2,1,0.23825100110843778,0,0.7039727679803036,0,81.33979084598832
ABV/20230321-UltimateAutomizerSvcomp2023/bubble_sort_linux-2.i_33.smt2,0,0.2211018919479102,0,36.70295110298321,0,1201.7187127918005
ABV/20230321-UltimateAutomizerSvcomp2023/bubble_sort_linux-2.i_35.smt2,0,0.24781850003637373,0,659.6800518479431,0,1201.7152018409688
ABV/20230321-UltimateAutomizerSvcomp2023/bubble_sort_linux-2.i_40.smt2,0,0.22520516393706203,0,175.90821898798458,0,1201.7435651959386
ABV/20230321-UltimateAutomizerSvcomp2023/bubble_sort_linux-2.i_49.smt2,0,0.2361357209738344,0,247.77488014101982,0,1201.7225326120388
ABV/20230321-UltimateAutomizerSvcomp2023/bubble_sort_linux-2.i_5.smt2,0,0.21944764512591064,0,2.1914851300534792,0,1201.7131538710091
ABV/20230321-UltimateAutomizerSvcomp2023/bubble_sort_linux-2.i_60.smt2,0,0.22356324596330523,0,1201.7454337779782,0,1201.7160482439213
ABV/20230321-UltimateAutomizerSvcomp2023/bubble_sort_linux-2.i_72.smt2,0,0.24792544986121356,0,650.2590061699739,0,1201.7129339990206
ABV/20230321-UltimateAutomizerSvcomp2023/bubble_sort_linux-2.i_73.smt2,0,0.21887181303463876,0,185.06904020998627,0,1201.7148751060013
ABV/20230321-UltimateAutomizerSvcomp2023/bubble_sort_linux-2.i_77.smt2,0,0.22612154996022582,0,658.2418113390013,0,1201.7124981100205
ABV/20230321-UltimateAutomizerSvcomp2023/bubble_sort_linux-2.i_9.smt2,0,0.21925492607988417,0,1201.719960573013,0,1201.7167437479366
ABV/20230321-UltimateAutomizerSvcomp2023/bubble_sort_linux-2.i_92.smt2,0,0.22041136701591313,0,16.329086682002526,0,1201.7192455269396
ABV/20230321-UltimateAutomizerSvcomp2023/calendar.i_10.smt2,0,0.22724212100729346,0,0.5451866820221767,0,80.34187796385959
ABV/20230321-UltimateAutomizerSvcomp2023/calendar.i_4.smt2,0,0.2244636018294841,0,0.5601087860413827,0,29.321669282158837
ABV/20230321-UltimateAutomizerSvcomp2023/cart.i_11.smt2,0,0.23138719284906983,0,0.5367133570252918,1,0.2297918249387294
ABV/20230321-UltimateAutomizerSvcomp2023/complex_data_creation_test01-1.i_11.smt2,0,0.23474964895285666,0,0.5382340420037508,0,81.01839083898813
ABV/20230321-UltimateAutomizerSvcomp2023/complex_data_creation_test01-1.i_12.smt2,0,0.2591773341409862,0,0.49592062702868134,0,23.174977804068476
ABV/20230321-UltimateAutomizerSvcomp2023/complex_data_creation_test02-1.i_13.smt2,0,0.22298001986928284,0,0.52604844403686,0,98.0006901898887
ABV/20230321-UltimateAutomizerSvcomp2023/complex_data_creation_test02-1.i_6.smt2,0,0.22946456400677562,0,0.4873736570007168,0,81.05850712908432
ABV/20230321-UltimateAutomizerSvcomp2023/complex_data_creation_test02-2.i_6.smt2,0,0.25379921682178974,0,0.47576931002549827,0,80.90599919599481
ABV/20230321-UltimateAutomizerSvcomp2023/dancing.i_25.smt2,0,0.2529572208877653,0,1201.7174442170071,0,1201.7116391670424
ABV/20230321-UltimateAutomizerSvcomp2023/dancing.i_3.smt2,0,0.2225420440081507,0,0.5508574040140957,0,1201.7142694781069
ABV/20230321-UltimateAutomizerSvcomp2023/dll-queue-1.i_11.smt2,0,1201.2691412549466,0,0.5679691159748472,0,80.350507871015
ABV/20230321-UltimateAutomizerSvcomp2023/dll-queue-1.i_15.smt2,0,1201.2405785219744,0,0.5570841730223037,0,80.35571591206826
ABV/20230321-UltimateAutomizerSvcomp2023/dll-reverse.i_4.smt2,0,0.24193894397467375,0,1.0853295769775286,1,0.31021354207769036
ABV/20230321-UltimateAutomizerSvcomp2023/dll-token-1.i_16.smt2,0,0.25012423703446984,0,0.8878696300089359,0,1201.7443504591938
ABV/20230321-UltimateAutomizerSvcomp2023/dll-token-1.i_18.smt2,0,0.22745741810649633,0,0.9559166629915126,0,1201.7130747109186
ABV/20230321-UltimateAutomizerSvcomp2023/dll-token-1.i_27.smt2,0,0.24689950607717037,0,5.776734340994153,0,380.4739834209904
ABV/20230321-UltimateAutomizerSvcomp2023/dll-token-1.i_33.smt2,0,0.2326982149388641,0,311.127515887958,0,1201.7175788141321
ABV/20230321-UltimateAutomizerSvcomp2023/dll-token-1.i_9.smt2,0,0.23869531298987567,0,1.035286613041535,0,1201.7133694479708
ABV/20230321-UltimateAutomizerSvcomp2023/dll2c_append_unequal.i_1.smt2,0,0.22837444604374468,0,0.4948852710076608,1,0.3605275920126587
ABV/20230321-UltimateAutomizerSvcomp2023/dll2c_append_unequal.i_18.smt2,0,0.23236619890667498,0,0.5206880350015126,0,80.3884985789191
ABV/20230321-UltimateAutomizerSvcomp2023/dll2c_append_unequal.i_20.smt2,0,0.22966004605405033,0,0.5493177680182271,0,1201.714847072959
ABV/20230321-UltimateAutomizerSvcomp2023/dll2c_append_unequal.i_27.smt2,0,0.24884083401411772,0,0.5094051649793983,0,80.35045615793206
ABV/20230321-UltimateAutomizerSvcomp2023/dll2c_append_unequal.i_8.smt2,0,0.22446895693428814,0,0.4734500880003907,0,80.381552265957
ABV/20230321-UltimateAutomizerSvcomp2023/dll2c_insert_equal.i_14.smt2,0,0.2447324888780713,0,1201.741355066013,0,1201.7178673790768
ABV/20230321-UltimateAutomizerSvcomp2023/dll2c_insert_equal.i_21.smt2,0,0.22988773696124554,0,1201.7474014229956,0,1201.7217678520828
ABV/20230321-UltimateAutomizerSvcomp2023/dll2c_insert_equal.i_23.smt2,0,0.25106713897548616,0,1201.7453695170116,0,1201.7140566438902
ABV/20230321-UltimateAutomizerSvcomp2023/dll2c_insert_equal.i_33.smt2,0,0.236772364936769,0,1201.7458994969493,0,1201.7159958230332
ABV/20230321-UltimateAutomizerSvcomp2023/dll2c_insert_equal.i_34.smt2,0,0.2506026641931385,0,1201.7191394490073,0,1201.7151255731005
ABV/20230321-UltimateAutomizerSvcomp2023/dll2c_insert_equal.i_41.smt2,0,0.2262601349502802,0,1201.7166572660208,0,1201.7152697178535
ABV/20230321-UltimateAutomizerSvcomp2023/dll2c_insert_equal.i_46.smt2,0,0.23489010706543922,0,1201.714460157964,0,1201.7144884688314
ABV/20230321-UltimateAutomizerSvcomp2023/dll2c_insert_equal.i_5.smt2,0,0.2504132301546633,0,0.5325520790065639,0,80.35779366199858
ABV/20230321-UltimateAutomizerSvcomp2023/dll2c_insert_equal.i_67.smt2,0,0.24094174010679126,0,1202.7222174500348,0,1201.7156379008666
ABV/20230321-UltimateAutomizerSvcomp2023/dll2c_insert_equal.i_7.smt2,0,0.2247120391111821,0,1201.777905233961,0,1201.7327198009007
ABV/20230321-UltimateAutomizerSvcomp2023/dll2c_insert_unequal.i_15.smt2,0,0.23522869893349707,0,1202.7256791670225,0,1201.7183924419805
ABV/20230321-UltimateAutomizerSvcomp2023/dll2c_insert_unequal.i_20.smt2,0,0.2331557220313698,0,1201.7193742850213,0,1201.7138674140442
ABV/20230321-UltimateAutomizerSvcomp2023/dll2c_prepend_equal.i_1.smt2,0,0.22502912301570177,0,0.4965311929699965,1,0.2624083759728819
ABV/20230321-UltimateAutomizerSvcomp2023/dll2c_prepend_unequal.i_13.smt2,0,0.22190941707231104,0,1201.7195355999866,0,1201.7139757189434
ABV/20230321-UltimateAutomizerSvcomp2023/dll2c_update_all.i_4.smt2,0,0.22090535098686814,0,0.5104161069612019,0,80.30584570998326
ABV/20230321-UltimateAutomizerSvcomp2023/dll2c_update_all.i_84.smt2,0,0.24327859794721007,1,0.5191034759627655,1,0.24118745210580528
ABV/20230321-UltimateAutomizerSvcomp2023/dll2c_update_all_reverse.i_20.smt2,1,0.22168885287828743,0,0.47375713801011443,1,0.23328397306613624
ABV/20230321-UltimateAutomizerSvcomp2023/dll2c_update_all_reverse.i_36.smt2,1,0.2362872229423374,0,46.15722110297065,0,1201.7153864121065
ABV/20230321-UltimateAutomizerSvcomp2023/dll2n_append_equal.i_10.smt2,0,0.24808233603835106,0,0.480414290970657,1,0.2327690669335425
ABV/20230321-UltimateAutomizerSvcomp2023/dll2n_append_equal.i_16.smt2,0,0.22386767785064876,0,0.6019319929764606,0,457.1470939880237
ABV/20230321-UltimateAutomizerSvcomp2023/dll2n_append_equal.i_45.smt2,0,0.24845098401419818,0,0.7063755959970877,1,0.34389393497258425
ABV/20230321-UltimateAutomizerSvcomp2023/dll2n_append_equal.i_49.smt2,0,0.23929534992203116,1,0.5262607299955562,1,0.22675098781473935
ABV/20230321-UltimateAutomizerSvcomp2023/dll2n_append_equal.i_50.smt2,0,0.23349992814473808,0,0.8431898390408605,1,0.35141000198200345
ABV/20230321-UltimateAutomizerSvcomp2023/dll2n_append_equal.i_52.smt2,0,0.2253446439281106,0,0.5515957739553414,1,85.38338661403395
ABV/20230321-UltimateAutomizerSvcomp2023/dll2n_append_equal.i_53.smt2,0,0.23877997510135174,0,0.7085081969853491,1,85.25824422296137
ABV/20230321-UltimateAutomizerSvcomp2023/dll2n_append_equal.i_55.smt2,0,0.25021860911510885,0,0.7102742099668831,0,80.70690509700216
ABV/20230321-UltimateAutomizerSvcomp2023/dll2n_append_equal.i_64.smt2,0,0.22577723790891469,0,0.5156000889837742,0,80.39899914478883
ABV/20230321-UltimateAutomizerSvcomp2023/dll2n_append_equal.i_71.smt2,0,0.2606703699566424,1,0.6147601380362175,1,0.2430004901252687
ABV/20230321-UltimateAutomizerSvcomp2023/dll2n_append_equal.i_78.smt2,0,0.2487017170060426,0,0.6124285390251316,0,80.39291144791059
ABV/20230321-UltimateAutomizerSvcomp2023/dll2n_append_equal.i_91.smt2,0,0.24711925815790892,0,2.490097047004383,0,1201.7219861419871
ABV/20230321-UltimateAutomizerSvcomp2023/dll2n_append_unequal.i_1.smt2,0,0.23073654808104038,0,0.48633059195708483,1,0.35646671103313565
ABV/20230321-UltimateAutomizerSvcomp2023/dll2n_append_unequal.i_18.smt2,0,0.24028509692288935,1,0.6246335239848122,1,0.24037667317315936
ABV/20230321-UltimateAutomizerSvcomp2023/dll2n_append_unequal.i_32.smt2,0,0.2180693349801004,0,0.5198017919901758,0,80.39300182810985
ABV/20230321-UltimateAutomizerSvcomp2023/dll2n_append_unequal.i_40.smt2,0,0.24754271912388504,0,0.522537031036336,0,80.42368361889385
ABV/20230321-UltimateAutomizerSvcomp2023/dll2n_append_unequal.i_8.smt2,0,0.22163899196311831,0,0.5037244720151648,1,0.22748954710550606
ABV/20230321-UltimateAutomizerSvcomp2023/dll2n_insert_equal.i_1.smt2,0,0.22410228988155723,0,0.5758992439950816,0,1201.7191380101722
ABV/20230321-UltimateAutomizerSvcomp2023/dll2n_insert_equal.i_9.smt2,0,0.2575978359673172,0,27.827030004002154,0,1201.7168007360306
ABV/20230321-UltimateAutomizerSvcomp2023/dll2n_insert_unequal.i_29.smt2,0,0.2784919848199934,0,1202.217462455039,0,81.11402879003435
ABV/20230321-UltimateAutomizerSvcomp2023/dll2n_insert_unequal.i_32.smt2,0,0.25280382786877453,0,1201.7424761559814,1,0.499347124947235
ABV/20230321-UltimateAutomizerSvcomp2023/dll2n_prepend_unequal.i_11.smt2,0,0.2221388011239469,0,1201.7399077180307,0,1201.7160520968027
ABV/20230321-UltimateAutomizerSvcomp2023/dll2n_prepend_unequal.i_12.smt2,0,0.25382909504696727,0,1201.7217951160274,0,1201.74612376187
ABV/20230321-UltimateAutomizerSvcomp2023/dll2n_prepend_unequal.i_19.smt2,0,0.28213126002810895,0,1201.7221078880248,0,1201.732034518849
ABV/20230321-UltimateAutomizerSvcomp2023/dll2n_prepend_unequal.i_21.smt2,0,0.22898642998188734,0,1201.7429194829892,0,1201.7154828000348
ABV/20230321-UltimateAutomizerSvcomp2023/dll2n_prepend_unequal.i_24.smt2,0,0.23446452291682363,0,1202.2468058650265,0,1201.7124265090097
ABV/20230321-UltimateAutomizerSvcomp2023/dll2n_update_all.i_13.smt2,1,0.24851568997837603,1,0.5506288839969784,1,0.24895992409437895
ABV/20230321-UltimateAutomizerSvcomp2023/dll2n_update_all.i_17.smt2,0,0.24259572196751833,0,0.5380985620431602,0,7.365450150100514
ABV/20230321-UltimateAutomizerSvcomp2023/dll_circular_traversal-2.i_14.smt2,0,0.25284536997787654,0,1202.2523438740172,0,83.05379165499471
ABV/20230321-UltimateAutomizerSvcomp2023/dll_circular_traversal-2.i_18.smt2,0,0.24651943217031658,0,1201.7194927250384,0,1201.7126804860309
ABV/20230321-UltimateAutomizerSvcomp2023/dll_circular_traversal-2.i_3.smt2,0,0.21986547601409256,0,0.48633059102576226,0,80.32841130718589
ABV/20230321-UltimateAutomizerSvcomp2023/dll_circular_traversal-2.i_8.smt2,0,0.25206898897886276,0,71.06592706899391,0,1201.7206215350889
ABV/20230321-UltimateAutomizerSvcomp2023/dll_of_dll-1.i_176.smt2,0,0.22356183012016118,0,0.5105014949804172,1,0.28759289789013565
ABV/20230321-UltimateAutomizerSvcomp2023/dll_of_dll-1.i_179.smt2,0,0.2297876130323857,0,0.5986089729703963,1,0.29106272920034826
ABV/20230321-UltimateAutomizerSvcomp2023/dll_of_dll-1.i_193.smt2,0,0.2396736389491707,0,0.5843442470068112,1,51.812767062103376
ABV/20230321-UltimateAutomizerSvcomp2023/dll_of_dll-1.i_25.smt2,0,0.22731106914579868,0,0.6714257380226627,1,0.3171652250457555
ABV/20230321-UltimateAutomizerSvcomp2023/dll_of_dll-1.i_28.smt2,0,0.22391057200729847,0,0.5642250980017707,0,80.41059008799493
ABV/20230321-UltimateAutomizerSvcomp2023/dll_of_dll-1.i_29.smt2,0,0.24661269295029342,0,0.5908145619905554,1,8.527952147880569
ABV/20230321-UltimateAutomizerSvcomp2023/dll_of_dll-1.i_31.smt2,0,0.24231756292283535,1,0.6230768109671772,1,0.24975747405551374
ABV/20230321-UltimateAutomizerSvcomp2023/dll_of_dll-1.i_41.smt2,0,0.2257741370704025,0,0.634669675026089,1,0.3231958800461143
ABV/20230321-UltimateAutomizerSvcomp2023/dll_of_dll-1.i_53.smt2,0,0.22159480606205761,0,0.6126678669825196,1,0.2676467630080879
ABV/20230321-UltimateAutomizerSvcomp2023/dll_of_dll-1.i_63.smt2,0,0.24862783891148865,0,0.6475751169491559,1,0.38454062584787607
ABV/20230321-UltimateAutomizerSvcomp2023/dll_of_dll-2.i_100.smt2,0,0.24159481981769204,0,0.6586901390110143,1,0.4627828549128026
ABV/20230321-UltimateAutomizerSvcomp2023/dll_of_dll-2.i_203.smt2,0,0.217599269002676,0,0.5382807169808075,0,80.32750709401444
ABV/20230321-UltimateAutomizerSvcomp2023/dll_of_dll-2.i_215.smt2,0,0.22789441491477191,1,0.6086850970168598,1,0.22777249896898866
ABV/20230321-UltimateAutomizerSvcomp2023/dll_of_dll-2.i_230.smt2,0,0.23920108005404472,0,0.6173988709924743,1,0.3025917401537299
ABV/20230321-UltimateAutomizerSvcomp2023/dll_of_dll-2.i_253.smt2,0,0.22566842404194176,0,0.6059320979984477,1,0.437152910977602
ABV/20230321-UltimateAutomizerSvcomp2023/dll_of_dll-2.i_43.smt2,0,0.23933734721504152,0,0.5715779790189117,1,19.621574964141473
ABV/20230321-UltimateAutomizerSvcomp2023/dll_of_dll-2.i_46.smt2,0,0.23119709896855056,0,0.5168160949833691,1,0.30935774790123105
ABV/20230321-UltimateAutomizerSvcomp2023/dll_of_dll-2.i_8.smt2,0,0.22485223598778248,1,1.3596372369793244,1,0.25985178304836154
ABV/20230321-UltimateAutomizerSvcomp2023/dll_of_dll-2.i_94.smt2,0,0.22353653679601848,0,0.573215854994487,1,41.879072189098224
ABV/20230321-UltimateAutomizerSvcomp2023/dll_of_dll-2.i_95.smt2,0,0.23661405802704394,0,0.6562647889950313,1,0.31564964493736625
ABV/20230321-UltimateAutomizerSvcomp2023/elimination_max.c_8.smt2,0,0.23479655804112554,0,0.5178789990022779,1,5.760712862946093
ABV/20230321-UltimateAutomizerSvcomp2023/elimination_max_rec.c_4.smt2,0,0.24853468709625304,0,0.4708640149910934,1,0.2759698701556772
ABV/20230321-UltimateAutomizerSvcomp2023/eureka_05.i_14.smt2,0,0.22316500404849648,0,0.5157930449931882,0,0.6547630219720304
ABV/20230321-UltimateAutomizerSvcomp2023/eureka_05.i_16.smt2,0,0.2250284932088107,0,0.4929730660514906,0,0.6042526429519057
ABV/20230321-UltimateAutomizerSvcomp2023/eureka_05.i_20.smt2,0,0.22125926101580262,0,0.5223016489762813,1,0.4621972271706909
ABV/20230321-UltimateAutomizerSvcomp2023/eureka_05.i_47.smt2,0,0.22086212900467217,0,0.5423140820348635,1,0.5095693739131093
ABV/20230321-UltimateAutomizerSvcomp2023/eureka_05.i_54.smt2,0,0.22160337399691343,0,0.5561178040225059,1,0.6327327389735729
ABV/20230321-UltimateAutomizerSvcomp2023/eureka_05.i_8.smt2,0,0.27635959000326693,0,0.500938746961765,0,80.29376583406702
ABV/20230321-UltimateAutomizerSvcomp2023/eureka_05.i_88.smt2,0,0.24045063881203532,0,0.46262403996661305,0,0.5083777990657836
ABV/20230321-UltimateAutomizerSvcomp2023/eureka_05.i_98.smt2,0,0.2288987070787698,0,0.5406101429834962,1,0.35404773498885334
ABV/20230321-UltimateAutomizerSvcomp2023/ex3_forlist.i_103.smt2,0,0.22396981995552778,1,0.6125347550259903,1,9.663237859029323
ABV/20230321-UltimateAutomizerSvcomp2023/ex3_forlist.i_116.smt2,0,0.22003355296328664,0,0.5526224859640934,0,1201.7177918478847
ABV/20230321-UltimateAutomizerSvcomp2023/ex3_forlist.i_119.smt2,0,0.22249134304001927,1,0.5696987769915722,1,8.414510579081252
ABV/20230321-UltimateAutomizerSvcomp2023/ex3_forlist.i_130.smt2,0,0.23949601198546588,1,0.6028005509870127,1,164.94239589897916
ABV/20230321-UltimateAutomizerSvcomp2023/ex3_forlist.i_146.smt2,0,0.21937687695026398,0,0.503219002042897,0,1201.7439051889814
ABV/20230321-UltimateAutomizerSvcomp2023/ex3_forlist.i_155.smt2,0,0.24599591689184308,1,0.6204900720040314,1,9.860979653894901
ABV/20230321-UltimateAutomizerSvcomp2023/ex3_forlist.i_156.smt2,0,0.25526244193315506,1,0.6079561730148271,1,8.34374591615051
ABV/20230321-UltimateAutomizerSvcomp2023/ex3_forlist.i_175.smt2,0,0.2508163279853761,0,0.5047976140049286,0,1201.7271202879492
ABV/20230321-UltimateAutomizerSvcomp2023/ex3_forlist.i_186.smt2,0,0.24947010399773717,1,0.561064929002896,1,6.536165758036077
ABV/20230321-UltimateAutomizerSvcomp2023/ex3_forlist.i_191.smt2,0,0.22293983097188175,1,0.5940772839821875,1,1.447614911943674
ABV/20230321-UltimateAutomizerSvcomp2023/ex3_forlist.i_207.smt2,0,0.24641441693529487,0,0.5324514160165563,0,1201.7157576719765
ABV/20230321-UltimateAutomizerSvcomp2023/ex3_forlist.i_221.smt2,0,0.24226483213715255,1,0.5585997049929574,1,1.1601362728979439
ABV/20230321-UltimateAutomizerSvcomp2023/ex3_forlist.i_224.smt2,0,0.2288183239288628,1,0.5972494200104848,1,1.120234559988603
ABV/20230321-UltimateAutomizerSvcomp2023/ex3_forlist.i_24.smt2,0,0.21954452199861407,1,0.5149546640459448,1,0.27001900505274534
ABV/20230321-UltimateAutomizerSvcomp2023/ex3_forlist.i_241.smt2,0,0.21930551691912115,0,0.5534313910175115,0,1201.7261945579667
ABV/20230321-UltimateAutomizerSvcomp2023/ex3_forlist.i_246.smt2,0,0.2477441020309925,0,0.5198880480020307,0,1201.7251665859949
ABV/20230321-UltimateAutomizerSvcomp2023/ex3_forlist.i_271.smt2,0,0.22026380989700556,0,0.5034835200058296,0,1201.7133378880098
ABV/20230321-UltimateAutomizerSvcomp2023/ex3_forlist.i_281.smt2,0,0.25138090807013214,0,0.6914963330491446,0,1201.7255196238402
ABV/20230321-UltimateAutomizerSvcomp2023/ex3_forlist.i_282.smt2,0,0.22158417711034417,0,0.5288502619951032,0,1201.718298275955
ABV/20230321-UltimateAutomizerSvcomp2023/ex3_forlist.i_304.smt2,0,0.22614978207275271,1,0.5632464740192518,1,3.117173456819728
ABV/20230321-UltimateAutomizerSvcomp2023/ex3_forlist.i_314.smt2,0,0.22564351395703852,1,0.5652593959821388,1,3.0335340921301395
ABV/20230321-UltimateAutomizerSvcomp2023/ex3_forlist.i_316.smt2,0,0.2441319520585239,0,0.49851075396873057,0,1201.73932048399
ABV/20230321-UltimateAutomizerSvcomp2023/ex3_forlist.i_32.smt2,0,0.25321162887848914,0,0.5886712979990989,0,1201.727374366019
ABV/20230321-UltimateAutomizerSvcomp2023/ex3_forlist.i_320.smt2,0,0.22735651512630284,0,0.5431496099918149,0,1201.7128124509472
ABV/20230321-UltimateAutomizerSvcomp2023/ex3_forlist.i_325.smt2,0,0.22810825100168586,1,0.5914005099912174,1,11.442486890824512
ABV/20230321-UltimateAutomizerSvcomp2023/ex3_forlist.i_329.smt2,0,0.22261458588764071,1,0.6099727729451843,1,5.328165106009692
ABV/20230321-UltimateAutomizerSvcomp2023/ex3_forlist.i_337.smt2,0,0.24850055389106274,1,0.6211116900085472,1,5.711851380066946
ABV/20230321-UltimateAutomizerSvcomp2023/ex3_forlist.i_342.smt2,0,0.2485337508842349,0,0.5305099179968238,0,1201.741281991126
ABV/20230321-UltimateAutomizerSvcomp2023/ex3_forlist.i_353.smt2,0,0.24289591796696186,0,0.6109903559554368,0,1201.72018070193
ABV/20230321-UltimateAutomizerSvcomp2023/ex3_forlist.i_371.smt2,0,0.2667051278986037,1,0.5643248240230605,1,3.399015976116061
ABV/20230321-UltimateAutomizerSvcomp2023/ex3_forlist.i_374.smt2,0,0.23338890098966658,0,0.5626585840363987,0,1201.7376547530293
ABV/20230321-UltimateAutomizerSvcomp2023/ex3_forlist.i_376.smt2,0,0.24827942391857505,0,0.5047765089548193,1,0.7560348168481141
ABV/20230321-UltimateAutomizerSvcomp2023/ex3_forlist.i_410.smt2,0,0.2337830278556794,0,0.5820350419962779,1,0.2927260671276599
ABV/20230321-UltimateAutomizerSvcomp2023/ex3_forlist.i_414.smt2,0,0.2172233711462468,0,0.5168385700089857,0,1201.711198166944
ABV/20230321-UltimateAutomizerSvcomp2023/ex3_forlist.i_42.smt2,0,0.2256977241486311,1,0.6117941819829866,1,1.1830536969937384
ABV/20230321-UltimateAutomizerSvcomp2023/ex3_forlist.i_426.smt2,0,0.22647599689662457,0,0.5420122549985535,0,1201.7155715629924
ABV/20230321-UltimateAutomizerSvcomp2023/ex3_forlist.i_43.smt2,0,0.22416016715578735,1,0.5852208290016279,1,1.0968430179636925
ABV/20230321-UltimateAutomizerSvcomp2023/ex3_forlist.i_433.smt2,0,0.24937925999984145,0,0.5634931209497154,0,1201.712207293138
ABV/20230321-UltimateAutomizerSvcomp2023/ex3_forlist.i_449.smt2,0,0.24083018698729575,0,0.5133577100350522,0,1201.7249702129047
ABV/20230321-UltimateAutomizerSvcomp2023/ex3_forlist.i_45.smt2,0,0.2233050810173154,0,0.568818646017462,0,1201.7282296838239
ABV/20230321-UltimateAutomizerSvcomp2023/ex3_forlist.i_455.smt2,0,0.23258938803337514,0,0.5118585809832439,0,162.92516949307173
ABV/20230321-UltimateAutomizerSvcomp2023/ex3_forlist.i_456.smt2,0,0.21737154386937618,0,0.4996493319631554,0,1201.7137970707845
ABV/20230321-UltimateAutomizerSvcomp2023/ex3_forlist.i_480.smt2,0,0.21920477109961212,1,0.5848367050057277,1,13.48934698314406
ABV/20230321-UltimateAutomizerSvcomp2023/ex3_forlist.i_485.smt2,0,0.21638993499800563,0,0.5121177340042777,0,1201.7132609509863
ABV/20230321-UltimateAutomizerSvcomp2023/ex3_forlist.i_486.smt2,0,0.2487838410306722,0,0.5514747179695405,0,1201.7219953150488
ABV/20230321-UltimateAutomizerSvcomp2023/ex3_forlist.i_51.smt2,0,0.21834460413083434,0,0.5243234149820637,0,1201.715399431996
ABV/20230321-UltimateAutomizerSvcomp2023/ex3_forlist.i_523.smt2,0,0.24778872798196971,0,0.5330571219674312,0,1201.7181971338578
ABV/20230321-UltimateAutomizerSvcomp2023/ex3_forlist.i_534.smt2,0,0.22454082896001637,0,0.5720918650040403,0,1201.7128541991115
ABV/20230321-UltimateAutomizerSvcomp2023/ex3_forlist.i_542.smt2,0,0.21761376596987247,1,0.5890843300148845,1,80.25255336682312
ABV/20230321-UltimateAutomizerSvcomp2023/ex3_forlist.i_57.smt2,0,0.24519749102182686,1,0.5748716359958053,1,1.010699633974582
ABV/20230321-UltimateAutomizerSvcomp2023/ex3_forlist.i_571.smt2,0,0.2187069959472865,0,0.5739424389903434,1,80.27179711381905
ABV/20230321-UltimateAutomizerSvcomp2023/ex3_forlist.i_579.smt2,0,0.2234161109663546,1,0.568452250037808,1,0.24867740808986127
ABV/20230321-UltimateAutomizerSvcomp2023/ex3_forlist.i_588.smt2,0,0.24987540300935507,1,0.5938067660317756,0,1201.7129116619471
ABV/20230321-UltimateAutomizerSvcomp2023/ex3_forlist.i_590.smt2,0,0.21697443397715688,1,0.5722740560304374,1,0.2202967640478164
ABV/20230321-UltimateAutomizerSvcomp2023/ex3_forlist.i_597.smt2,0,0.2230321941897273,1,0.6019834750331938,1,80.24355522892438
ABV/20230321-UltimateAutomizerSvcomp2023/ex3_forlist.i_601.smt2,0,0.23086484102532268,1,0.5972103829844855,1,0.22190075414255261
ABV/20230321-UltimateAutomizerSvcomp2023/ex3_forlist.i_62.smt2,0,0.22002494102343917,1,0.5824013950186782,1,7.876931784208864
ABV/20230321-UltimateAutomizerSvcomp2023/ex3_forlist.i_63.smt2,0,0.21804539603181183,0,0.5256253639963688,0,1201.7114723369014
ABV/20230321-UltimateAutomizerSvcomp2023/ex3_forlist.i_98.smt2,0,0.24464125116355717,1,0.5787682899972424,1,8.130367545876652
ABV/20230321-UltimateAutomizerSvcomp2023/hash_fun.i_7.smt2,0,0.2627727228682488,0,0.7902204069541767,0,318.33001161785796
ABV/20230321-UltimateAutomizerSvcomp2023/length_test03-1.i_4.smt2,1,0.25243740691803396,0,0.44251419795909896,0,80.6580763750244
ABV/20230321-UltimateAutomizerSvcomp2023/list-1.i_25.smt2,0,0.25934827607125044,0,3.4731670020264573,1,81.14946063188836
ABV/20230321-UltimateAutomizerSvcomp2023/list-1.i_27.smt2,0,0.22947875503450632,0,1.408371019992046,1,80.91481492714956
ABV/20230321-UltimateAutomizerSvcomp2023/list-1.i_50.smt2,0,0.21933295903727412,0,2.1187614140217192,1,80.65546109806746
ABV/20230321-UltimateAutomizerSvcomp2023/list-1.i_52.smt2,0,0.2289817789569497,0,3.425268364022486,1,0.48262141994200647
ABV/20230321-UltimateAutomizerSvcomp2023/list-1.i_66.smt2,0,0.23609980405308306,0,4.689952355984133,1,0.38555429992266
ABV/20230321-UltimateAutomizerSvcomp2023/list-1.i_74.smt2,0,0.22066506720148027,0,3.065514638030436,0,80.37634072918445
ABV/20230321-UltimateAutomizerSvcomp2023/list-1.i_78.smt2,0,0.23616161197423935,0,3.0446565609890968,1,0.303485939046368
ABV/20230321-UltimateAutomizerSvcomp2023/list-1.i_84.smt2,0,0.22370878304354846,0,1.1386045550461859,1,86.6485901591368
ABV/20230321-UltimateAutomizerSvcomp2023/list-2.i_1.smt2,0,0.2238466590642929,0,0.4667602659901604,1,0.2330394119489938
ABV/20230321-UltimateAutomizerSvcomp2023/list-2.i_32.smt2,0,0.23482026415877044,0,0.5328436529962346,0,80.37093888199888
ABV/20230321-UltimateAutomizerSvcomp2023/list-ext_1.i_19.smt2,0,1201.2353317288216,0,0.5532414350309409,0,80.31784614594653
ABV/20230321-UltimateAutomizerSvcomp2023/list-ext_1.i_20.smt2,0,0.2553345600608736,0,0.5134093679953367,0,53.3433546340093
ABV/20230321-UltimateAutomizerSvcomp2023/list-ext_1.i_23.smt2,0,0.2516602538526058,0,0.49941354495240375,0,80.32959839189425
ABV/20230321-UltimateAutomizerSvcomp2023/list-ext_1.i_44.smt2,0,0.22248416999354959,0,0.5900136209675111,0,0.8162601548247039
ABV/20230321-UltimateAutomizerSvcomp2023/list-ext_1.i_5.smt2,0,0.22371670603752136,0,0.4627141809905879,1,0.24056949908845127
ABV/20230321-UltimateAutomizerSvcomp2023/list-ext_1.i_8.smt2,0,0.22937301197089255,0,0.565117629012093,0,80.3835790771991
ABV/20230321-UltimateAutomizerSvcomp2023/list-ext_flag.i_103.smt2,0,0.22326112096197903,0,0.886475651001092,0,81.01881153997965
ABV/20230321-UltimateAutomizerSvcomp2023/list-ext_flag.i_110.smt2,0,0.254556663101539,0,0.9899170369608328,0,80.59234361699782
ABV/20230321-UltimateAutomizerSvcomp2023/list-ext_flag.i_2.smt2,0,1201.2722772881389,1,0.4805380770121701,0,80.33276409003884
ABV/20230321-UltimateAutomizerSvcomp2023/list-ext_flag.i_32.smt2,0,0.21731654810719192,0,0.4699373060138896,1,0.2443763359915465
ABV/20230321-UltimateAutomizerSvcomp2023/list-ext_flag.i_77.smt2,0,0.27353786397725344,1,0.8383566879783757,1,0.23083929694257677
ABV/20230321-UltimateAutomizerSvcomp2023/list-ext_flag.i_96.smt2,0,0.2583789308555424,1,0.8841067180037498,1,0.23509504389949143
ABV/20230321-UltimateAutomizerSvcomp2023/list-ext_flag_1.i_21.smt2,0,0.23652515187859535,0,0.5603451849892735,0,80.4847003039904
ABV/20230321-UltimateAutomizerSvcomp2023/list-ext_flag_1.i_23.smt2,0,0.26158588100224733,0,0.5501418430358171,0,80.61392561113462
ABV/20230321-UltimateAutomizerSvcomp2023/list-ext_flag_1.i_24.smt2,0,0.2383654429577291,0,0.4933304979931563,1,0.25851081195287406
ABV/20230321-UltimateAutomizerSvcomp2023/list-ext_flag_1.i_28.smt2,0,0.22874684096314013,0,0.6420149590121582,1,0.32076724292710423
ABV/20230321-UltimateAutomizerSvcomp2023/list-ext_flag_1.i_4.smt2,0,0.2498627519235015,0,0.7561851309728809,0,80.65883789188229
ABV/20230321-UltimateAutomizerSvcomp2023/list-ext_flag_1.i_41.smt2,0,0.22451636008918285,0,0.5698683590162545,0,80.37698168097995
ABV/20230321-UltimateAutomizerSvcomp2023/list-ext_flag_1.i_44.smt2,0,0.24669675389304757,0,0.6092055409681052,1,80.37190024694428
ABV/20230321-UltimateAutomizerSvcomp2023/list-ext_flag_1.i_49.smt2,0,0.25574028701521456,0,0.6557197530055419,1,0.32281051599420607
ABV/20230321-UltimateAutomizerSvcomp2023/list-ext_flag_1.i_64.smt2,0,0.25632933294400573,0,0.7433565950486809,1,0.3131133948918432
ABV/20230321-UltimateAutomizerSvcomp2023/list-ext_flag_1.i_7.smt2,0,0.22573875612579286,1,0.6878121460322291,1,0.22356941807083786
ABV/20230321-UltimateAutomizerSvcomp2023/list-ext_flag_1.i_78.smt2,0,0.22662365599535406,0,0.9158340489957482,1,0.49408038705587387
ABV/20230321-UltimateAutomizerSvcomp2023/list-ext_flag_1.i_87.smt2,0,0.2240184680558741,1,0.8547804469708353,1,0.22206774703226984
ABV/20230321-UltimateAutomizerSvcomp2023/list-ext_flag_1.i_92.smt2,0,38.799074445152655,0,1.0273580420180224,1,0.42766062705777586
ABV/20230321-UltimateAutomizerSvcomp2023/list_and_tree_cnstr-1.i_48.smt2,0,0.2817184589803219,0,1201.769263683993,0,1201.7126411120407
ABV/20230321-UltimateAutomizerSvcomp2023/list_and_tree_cnstr-1.i_5.smt2,0,0.22096795891411602,0,0.6914168630028144,1,0.32038237107917666
ABV/20230321-UltimateAutomizerSvcomp2023/list_and_tree_cnstr-2.i_17.smt2,0,0.22436175891198218,0,0.6653105110162869,0,80.60016276105307
ABV/20230321-UltimateAutomizerSvcomp2023/list_flag-2.i_20.smt2,0,0.2202111359219998,0,0.47282169600657653,1,0.266842087963596
ABV/20230321-UltimateAutomizerSvcomp2023/list_flag-2.i_33.smt2,0,0.23003615601919591,1,1.007761931978166,1,0.23222028999589384
ABV/20230321-UltimateAutomizerSvcomp2023/list_search-1.i_0.smt2,0,0.25616351002827287,0,0.5121834719902836,0,80.32067658798769
ABV/20230321-UltimateAutomizerSvcomp2023/list_search-1.i_10.smt2,0,0.22558663692325354,0,0.5467018920462579,0,380.3822205381002
ABV/20230321-UltimateAutomizerSvcomp2023/list_search-1.i_20.smt2,0,0.21898163994774222,0,0.46683257597032934,0,80.32102527003735
ABV/20230321-UltimateAutomizerSvcomp2023/list_search-1.i_37.smt2,0,0.25550432805903256,0,0.5848117700079456,0,1.1213029599748552
ABV/20230321-UltimateAutomizerSvcomp2023/list_search-1.i_39.smt2,0,0.244885133812204,0,0.557357507001143,0,80.39150675805286
ABV/20230321-UltimateAutomizerSvcomp2023/list_search-2.i_21.smt2,0,0.21786387893371284,0,0.5343777150264941,0,80.42471521301195
ABV/20230321-UltimateAutomizerSvcomp2023/list_search-2.i_24.smt2,0,0.22272067912854254,0,0.5521894409903325,0,80.37765298807062
ABV/20230321-UltimateAutomizerSvcomp2023/list_search-2.i_26.smt2,0,0.2370978370308876,0,0.5191528489813209,0,80.69790251506492
ABV/20230321-UltimateAutomizerSvcomp2023/list_search-2.i_31.smt2,0,0.22224010387435555,0,0.5579011950176209,1,48.177524387137964
ABV/20230321-UltimateAutomizerSvcomp2023/list_search-2.i_39.smt2,0,0.2213860449846834,0,0.5358118119766004,1,7.586486236192286
ABV/20230321-UltimateAutomizerSvcomp2023/memleaks_test12-1.i_20.smt2,0,0.23602464399300516,0,0.5805821660324,0,80.45980127900839
ABV/20230321-UltimateAutomizerSvcomp2023/memleaks_test12-1.i_22.smt2,1,0.26738323806785047,1,0.6458807170274667,1,0.23677599313668907
ABV/20230321-UltimateAutomizerSvcomp2023/memleaks_test12-1.i_8.smt2,0,1201.2222140619997,0,0.5459931319928728,0,80.48087145783938
ABV/20230321-UltimateAutomizerSvcomp2023/memleaks_test12-2.i_11.smt2,0,1201.2660856531002,0,0.5036390020395629,0,1201.7112710059155
ABV/20230321-UltimateAutomizerSvcomp2023/memleaks_test13.i_12.smt2,0,0.22967842500656843,0,0.5014800340286456,0,80.36268507805653
ABV/20230321-UltimateAutomizerSvcomp2023/memleaks_test13.i_27.smt2,0,0.24593198485672474,0,0.5281041269772686,0,80.2901418840047
ABV/20230321-UltimateAutomizerSvcomp2023/memleaks_test13.i_38.smt2,0,0.21976200584322214,0,0.5225835990277119,0,80.43176070810296
ABV/20230321-UltimateAutomizerSvcomp2023/memleaks_test13.i_43.smt2,0,1201.2270668349229,1,0.600813539000228,0,80.37918902514502
ABV/20230321-UltimateAutomizerSvcomp2023/memleaks_test13.i_52.smt2,0,1201.244512772886,1,0.6083940899698064,0,80.40398927801289
ABV/20230321-UltimateAutomizerSvcomp2023/memleaks_test13.i_9.smt2,0,0.23960500489920378,0,0.5073166369693354,0,80.29497462883592
ABV/20230321-UltimateAutomizerSvcomp2023/memleaks_test13_2.i_60.smt2,0,0.22862827102653682,0,0.5688962030108087,0,80.40682889986783
ABV/20230321-UltimateAutomizerSvcomp2023/memleaks_test14.i_11.smt2,0,0.222461624071002,0,0.5437427160213701,0,82.6590028819628
ABV/20230321-UltimateAutomizerSvcomp2023/memleaks_test14.i_3.smt2,0,0.22454155096784234,0,0.6097487300285138,0,82.07634911104105
ABV/20230321-UltimateAutomizerSvcomp2023/memleaks_test14_3.i_2.smt2,0,0.23585762293078005,0,0.5582941430038773,0,80.40953732305206
ABV/20230321-UltimateAutomizerSvcomp2023/memleaks_test15-1.i_10.smt2,1,0.2696269678417593,0,0.5180513139930554,0,80.28938623401336
ABV/20230321-UltimateAutomizerSvcomp2023/memleaks_test15-1.i_13.smt2,0,1201.2291930108331,0,0.5592205979628488,0,80.32864565798081
ABV/20230321-UltimateAutomizerSvcomp2023/memleaks_test15-2.i_8.smt2,1,0.24318028194829822,0,0.48304898099740967,1,0.2629016819410026
ABV/20230321-UltimateAutomizerSvcomp2023/memleaks_test17_2-2.i_4.smt2,1,0.23297516885213554,0,0.49318450497230515,0,80.32738577900454
ABV/20230321-UltimateAutomizerSvcomp2023/memleaks_test17_3.i_4.smt2,1,0.2195041379891336,0,0.47964253497775644,1,0.2392448838800192
ABV/20230321-UltimateAutomizerSvcomp2023/memleaks_test18_3.i_15.smt2,1,0.23576518218033016,0,0.5148694289964624,0,80.31691157305613
ABV/20230321-UltimateAutomizerSvcomp2023/memleaks_test18_3.i_27.smt2,1,0.2349228379316628,0,0.5042319070198573,0,80.32611236278899
ABV/20230321-UltimateAutomizerSvcomp2023/memleaks_test18_3.i_35.smt2,1,0.24338711705058813,0,0.4680496559594758,0,80.32636743900366
ABV/20230321-UltimateAutomizerSvcomp2023/memleaks_test18_3.i_41.smt2,1,0.22745851101353765,0,0.5413156430004165,0,80.80511178006418
ABV/20230321-UltimateAutomizerSvcomp2023/memleaks_test18_3.i_45.smt2,1,0.23639987199567258,0,0.5195959790144116,0,80.30405819416046
ABV/20230321-UltimateAutomizerSvcomp2023/memleaks_test19-1.i_13.smt2,1,0.22503455402329564,0,0.5565875400207005,1,0.25279784807935357
ABV/20230321-UltimateAutomizerSvcomp2023/memleaks_test19-1.i_8.smt2,1,0.23447676305659115,0,0.48427474102936685,0,80.34663148387335
ABV/20230321-UltimateAutomizerSvcomp2023/memleaks_test4-2.i_11.smt2,1,0.229869089089334,0,0.5009215119644068,1,0.2505772851873189
ABV/20230321-UltimateAutomizerSvcomp2023/memleaks_test4-2.i_13.smt2,1,0.2150345160625875,0,0.529358837986365,1,0.36619388684630394
ABV/20230321-UltimateAutomizerSvcomp2023/memleaks_test4-2.i_14.smt2,0,1201.241145899985,0,0.6130171649856493,0,80.36372632998973
ABV/20230321-UltimateAutomizerSvcomp2023/memleaks_test6.i_20.smt2,0,0.273283228976652,0,0.5188881059875712,0,80.39520997391082
ABV/20230321-UltimateAutomizerSvcomp2023/memleaks_test6.i_24.smt2,0,0.2208467039745301,0,0.529052711033728,0,1201.7176755620167
ABV/20230321-UltimateAutomizerSvcomp2023/memleaks_test6.i_36.smt2,1,0.21495665097609162,0,0.5190524069475941,1,0.2437959781382233
ABV/20230321-UltimateAutomizerSvcomp2023/memleaks_test6_1.i_10.smt2,0,0.21755836298689246,0,0.5660774710122496,0,80.35355302807875
ABV/20230321-UltimateAutomizerSvcomp2023/memleaks_test6_1.i_11.smt2,0,0.22187456814572215,0,0.5324740079813637,0,1201.713053290965
ABV/20230321-UltimateAutomizerSvcomp2023/memleaks_test6_2.i_13.smt2,0,0.2443153359927237,0,0.5290577220148407,0,80.39558385591954
ABV/20230321-UltimateAutomizerSvcomp2023/memleaks_test7-1.i_0.smt2,1,0.27222140901722014,0,0.47458815202116966,0,80.34145831689239
ABV/20230321-UltimateAutomizerSvcomp2023/memleaks_test7-1.i_5.smt2,1,0.22782526002265513,0,0.4904118009726517,1,0.2768036490306258
ABV/20230321-UltimateAutomizerSvcomp2023/memleaks_test7-1.i_6.smt2,1,0.24721090612001717,0,0.4883822870324366,1,0.47783551388420165
ABV/20230321-UltimateAutomizerSvcomp2023/memleaks_test7-2.i_12.smt2,0,1201.232172627002,0,0.5279010059894063,0,80.37528728996404
ABV/20230321-UltimateAutomizerSvcomp2023/merge_sort-2.i_3.smt2,0,0.22828987310640514,0,0.7232838590280153,1,2.0214951410889626
ABV/20230321-UltimateAutomizerSvcomp2023/min_max.i_37.smt2,1,0.23371279705315828,1,0.6305724579724483,1,0.28584287501871586
ABV/20230321-UltimateAutomizerSvcomp2023/optional_data_creation_test04-1.i_18.smt2,0,0.23804951296187937,0,0.536737627000548,0,1.757501594023779
ABV/20230321-UltimateAutomizerSvcomp2023/optional_data_creation_test04-1.i_26.smt2,0,0.23680455586872995,0,0.5334478960139677,0,1.8276459500193596
ABV/20230321-UltimateAutomizerSvcomp2023/optional_data_creation_test04-1.i_37.smt2,0,0.22985443100333214,0,0.5940632980200462,0,3.279817753005773
ABV/20230321-UltimateAutomizerSvcomp2023/optional_data_creation_test04-1.i_38.smt2,0,0.25591995590366423,0,0.5932183820405044,0,4.608371495036408
ABV/20230321-UltimateAutomizerSvcomp2023/optional_data_creation_test04-1.i_6.smt2,0,0.2246591120492667,0,0.4918670509941876,0,80.66935579292476
ABV/20230321-UltimateAutomizerSvcomp2023/packet_filter.i_19.smt2,0,0.2226859729271382,1,0.6375701479846612,1,0.23655761289410293
ABV/20230321-UltimateAutomizerSvcomp2023/packet_filter.i_25.smt2,1,0.2497620319481939,1,0.8590249529806897,1,0.2678679001983255
ABV/20230321-UltimateAutomizerSvcomp2023/packet_filter.i_39.smt2,1,0.2343107929918915,0,0.721433243015781,1,0.23835589620284736
ABV/20230321-UltimateAutomizerSvcomp2023/packet_filter.i_42.smt2,1,0.26973084011115134,0,0.7453345799585804,1,0.24514083191752434
ABV/20230321-UltimateAutomizerSvcomp2023/sep05-2.i_3.smt2,0,0.2278496960643679,0,0.9221450679469854,0,80.6376831671223
ABV/20230321-UltimateAutomizerSvcomp2023/sep20-1.i_1.smt2,0,0.24849832197651267,0,0.7086477620177902,0,80.40263216407038
ABV/20230321-UltimateAutomizerSvcomp2023/shared_mem1.i_11.smt2,0,0.26048055407591164,0,0.6776566879707389,0,92.02302642911673
ABV/20230321-UltimateAutomizerSvcomp2023/shared_mem1.i_6.smt2,0,0.23996190796606243,1,0.7992899300297722,1,0.22780644986778498
ABV/20230321-UltimateAutomizerSvcomp2023/simple-2.i_4.smt2,0,0.2280695929657668,0,0.5359865119680762,0,80.34121765987948
ABV/20230321-UltimateAutomizerSvcomp2023/simple-ext_1.i_37.smt2,0,0.21740772598423064,0,0.5533996510202996,0,0.8464054658543319
ABV/20230321-UltimateAutomizerSvcomp2023/simple_and_skiplist_2lvl-2.i_12.smt2,0,0.24380177608691156,0,0.6253842339501716,0,1201.7170094540343
ABV/20230321-UltimateAutomizerSvcomp2023/simple_and_skiplist_2lvl-2.i_5.smt2,0,0.24516180204227567,0,0.5577202310087159,0,80.34250992606394
ABV/20230321-UltimateAutomizerSvcomp2023/simple_built_from_end.i_14.smt2,0,0.2420111009851098,0,0.5544740239856765,0,80.33005514601246
ABV/20230321-UltimateAutomizerSvcomp2023/simple_built_from_end.i_17.smt2,0,0.2294903548900038,0,0.5890905949636362,0,80.38153229700401
ABV/20230321-UltimateAutomizerSvcomp2023/simple_built_from_end.i_18.smt2,0,0.2564277658239007,0,0.5995905969757587,0,80.39182773092762
ABV/20230321-UltimateAutomizerSvcomp2023/simple_built_from_end.i_27.smt2,0,0.25365585600957274,0,0.6324727369938046,0,80.40820220392197
ABV/20230321-UltimateAutomizerSvcomp2023/simple_search_value-1.i_13.smt2,0,0.24409054196439683,1,0.9223647830076516,1,0.24006244004704058
ABV/20230321-UltimateAutomizerSvcomp2023/simple_search_value-1.i_33.smt2,0,0.22174851992167532,0,16.852893565024715,0,1201.715192098869
ABV/20230321-UltimateAutomizerSvcomp2023/simple_search_value-1.i_41.smt2,0,0.2233093110844493,0,313.07743991701864,1,0.2354815669823438
ABV/20230321-UltimateAutomizerSvcomp2023/simple_search_value-1.i_42.smt2,0,0.22233150387182832,0,297.86167562095216,1,0.22932355501689017
ABV/20230321-UltimateAutomizerSvcomp2023/simple_search_value-1.i_46.smt2,0,0.22056628298014402,0,1.127560833003372,0,80.37020486500114
ABV/20230321-UltimateAutomizerSvcomp2023/simple_search_value-1.i_74.smt2,0,0.2227210069540888,0,231.82107525796164,1,0.23261705203913152
ABV/20230321-UltimateAutomizerSvcomp2023/simple_search_value-1.i_76.smt2,0,0.21916162595152855,0,587.3419262460084,1,0.24041083198972046
ABV/20230321-UltimateAutomizerSvcomp2023/simple_search_value-2.i_111.smt2,0,0.23152025300078094,0,443.97261178301414,1,0.3782127080485225
ABV/20230321-UltimateAutomizerSvcomp2023/simple_search_value-2.i_117.smt2,0,0.2364022999536246,0,1051.0941512540448,0,48.822143658064306
ABV/20230321-UltimateAutomizerSvcomp2023/simple_search_value-2.i_54.smt2,0,0.24482338409870863,0,381.7904225180391,0,1201.7271590600722
ABV/20230321-UltimateAutomizerSvcomp2023/sll-rb-cnstr_1-2.i_5.smt2,0,0.2232253230176866,0,0.5280207159812562,0,80.36642648396082
ABV/20230321-UltimateAutomizerSvcomp2023/sll-rb-sentinel-1.i_1.smt2,0,0.2385094810742885,0,0.517795372987166,0,80.30053403507918
ABV/20230321-UltimateAutomizerSvcomp2023/sll-rb-sentinel-1.i_31.smt2,1,0.215053697116673,1,0.4819030840299092,1,0.26426956919021904
ABV/20230321-UltimateAutomizerSvcomp2023/sll-rb-sentinel-1.i_34.smt2,0,0.2376568701583892,1,0.6939242910011671,1,0.26094716694206
ABV/20230321-UltimateAutomizerSvcomp2023/sll-rb-sentinel-2.i_22.smt2,1,0.2250896638724953,1,0.506362832034938,1,0.24425964895635843
ABV/20230321-UltimateAutomizerSvcomp2023/sll-rb-sentinel-2.i_51.smt2,1,0.2178026291076094,1,0.5036851350450888,1,0.25678514898754656
ABV/20230321-UltimateAutomizerSvcomp2023/sll-rb-sentinel-2.i_7.smt2,0,0.3180104580242187,0,1201.7411567910458,0,1201.7229379469063
ABV/20230321-UltimateAutomizerSvcomp2023/sll-simple-white-blue-1.i_9.smt2,0,0.25438262382522225,0,0.7845550579950213,1,1.2323159819934517
ABV/20230321-UltimateAutomizerSvcomp2023/sll-sorted-1.i_5.smt2,0,0.24796117120422423,0,0.5138206869596615,0,80.34810683387332
ABV/20230321-UltimateAutomizerSvcomp2023/sll-sorted-2.i_36.smt2,0,0.22761674202047288,0,0.537101773021277,0,1.0820330320857465
ABV/20230321-UltimateAutomizerSvcomp2023/sll-sorted-2.i_43.smt2,0,0.2473252231720835,0,0.47601514303823933,0,80.36816120217554
ABV/20230321-UltimateAutomizerSvcomp2023/sll-sorted-2.i_8.smt2,0,0.2676440340001136,0,0.5159016700345092,0,80.37893867003731
ABV/20230321-UltimateAutomizerSvcomp2023/sll-token-2.i_21.smt2,0,0.2321649871300906,0,14.475540386978537,0,81.45816064905375
ABV/20230321-UltimateAutomizerSvcomp2023/sll-token-2.i_29.smt2,0,0.23924997192807496,0,0.5798198099946603,0,80.56483339099213
ABV/20230321-UltimateAutomizerSvcomp2023/sll-token-2.i_36.smt2,0,0.3430914580821991,0,1.1710738450055942,0,80.84037963696755
ABV/20230321-UltimateAutomizerSvcomp2023/sll2c_insert_equal.i_113.smt2,0,0.2437151181511581,0,15.982439860003069,0,694.5749802670907
ABV/20230321-UltimateAutomizerSvcomp2023/sll2c_insert_equal.i_117.smt2,0,0.22504655783995986,0,22.07529904699186,0,122.43466152390465
ABV/20230321-UltimateAutomizerSvcomp2023/sll2c_insert_equal.i_13.smt2,0,0.2529091709293425,0,21.443749888043385,0,260.85235461895354
ABV/20230321-UltimateAutomizerSvcomp2023/sll2c_insert_equal.i_139.smt2,0,0.23728314088657498,0,7.117570250004064,0,471.2639228028711
ABV/20230321-UltimateAutomizerSvcomp2023/sll2c_insert_equal.i_141.smt2,0,0.2206758412066847,0,5.8451069699949585,0,1201.7236579430755
ABV/20230321-UltimateAutomizerSvcomp2023/sll2c_insert_equal.i_146.smt2,0,0.23783076414838433,0,1201.7254293709993,0,1201.7122460040264
ABV/20230321-UltimateAutomizerSvcomp2023/sll2c_insert_equal.i_151.smt2,0,0.22928560292348266,0,2.5586012530256994,0,1201.7185078451876
ABV/20230321-UltimateAutomizerSvcomp2023/sll2c_insert_equal.i_16.smt2,0,0.223585263825953,0,6.993253494962119,0,326.8291200839449
ABV/20230321-UltimateAutomizerSvcomp2023/sll2c_insert_equal.i_170.smt2,0,0.25574483582749963,0,298.8427567889448,0,1201.7149093339685
ABV/20230321-UltimateAutomizerSvcomp2023/sll2c_insert_equal.i_175.smt2,0,0.22495791292749345,0,0.5533680319786072,0,80.52796291001141
ABV/20230321-UltimateAutomizerSvcomp2023/sll2c_insert_equal.i_25.smt2,0,0.2340657520107925,0,5.789014770009089,0,637.2384921880439
ABV/20230321-UltimateAutomizerSvcomp2023/sll2c_insert_equal.i_37.smt2,0,0.22389816213399172,0,2.350916369992774,0,1201.71473806398
ABV/20230321-UltimateAutomizerSvcomp2023/sll2c_insert_equal.i_47.smt2,0,0.2247019021306187,0,1.5322925790096633,0,95.94706079596654
ABV/20230321-UltimateAutomizerSvcomp2023/sll2c_insert_equal.i_53.smt2,0,0.23001288902014494,0,1.312393345986493,0,81.27665329701267
ABV/20230321-UltimateAutomizerSvcomp2023/sll2c_insert_equal.i_54.smt2,0,0.22460775589570403,0,395.9374282709905,0,1201.7115029038396
ABV/20230321-UltimateAutomizerSvcomp2023/sll2c_insert_equal.i_71.smt2,0,0.26291307411156595,0,20.75367164402269,0,97.05549046490341
ABV/20230321-UltimateAutomizerSvcomp2023/sll2c_insert_equal.i_76.smt2,0,0.25928002200089395,0,7.280640364973806,0,557.2763219380286
ABV/20230321-UltimateAutomizerSvcomp2023/sll2c_insert_unequal.i_101.smt2,0,0.22540580900385976,0,3.3432705479790457,0,1201.7598421829753
ABV/20230321-UltimateAutomizerSvcomp2023/sll2c_insert_unequal.i_121.smt2,0,0.2428139979019761,0,308.99116734595736,0,1201.7419883140828
ABV/20230321-UltimateAutomizerSvcomp2023/sll2c_insert_unequal.i_124.smt2,0,0.2464199608657509,0,11.264329038036522,0,1201.7398877530359
ABV/20230321-UltimateAutomizerSvcomp2023/sll2c_insert_unequal.i_36.smt2,0,0.25569282518699765,0,68.17199779802468,0,1201.7173802768812
ABV/20230321-UltimateAutomizerSvcomp2023/sll2c_insert_unequal.i_45.smt2,0,0.25102675799280405,0,2.5083179930225015,0,1201.7137970800977
ABV/20230321-UltimateAutomizerSvcomp2023/sll2c_insert_unequal.i_68.smt2,0,0.22778242803178728,0,4.4983241420122795,0,270.2231071840506
ABV/20230321-UltimateAutomizerSvcomp2023/sll2c_insert_unequal.i_83.smt2,0,0.2546256489586085,0,71.4478794009774,1,0.2202405941206962
ABV/20230321-UltimateAutomizerSvcomp2023/sll2c_prepend_equal.i_2.smt2,0,0.22642390499822795,0,0.5117161310045049,1,0.26373776118271053
ABV/20230321-UltimateAutomizerSvcomp2023/sll2c_prepend_equal.i_21.smt2,0,0.2190024519804865,0,0.5255944870295934,0,80.49060151306912
ABV/20230321-UltimateAutomizerSvcomp2023/sll2c_prepend_equal.i_22.smt2,0,0.24382952088490129,0,0.5003858970012516,0,80.39060441101901
ABV/20230321-UltimateAutomizerSvcomp2023/sll2c_prepend_equal.i_26.smt2,0,0.22656995407305658,0,0.6271520109730773,0,95.26188583718613
ABV/20230321-UltimateAutomizerSvcomp2023/sll2c_prepend_equal.i_33.smt2,0,0.2497467678040266,1,0.624788308981806,1,0.33331854082643986
ABV/20230321-UltimateAutomizerSvcomp2023/sll2c_prepend_equal.i_50.smt2,0,0.22525684093125165,0,1201.7231191050378,0,1201.7382058659568
ABV/20230321-UltimateAutomizerSvcomp2023/sll2c_prepend_equal.i_53.smt2,0,0.26523736398667097,0,1201.7169922189787,0,523.5463104818482
ABV/20230321-UltimateAutomizerSvcomp2023/sll2c_prepend_unequal.i_15.smt2,0,0.2225050269626081,0,0.5531108459690586,0,306.2877133479342
ABV/20230321-UltimateAutomizerSvcomp2023/sll2c_prepend_unequal.i_33.smt2,0,0.2448820669669658,0,0.4961233959766105,0,80.45587626588531
ABV/20230321-UltimateAutomizerSvcomp2023/sll2c_prepend_unequal.i_50.smt2,0,0.2258885079063475,0,0.5431487780297175,0,80.39600248588249
ABV/20230321-UltimateAutomizerSvcomp2023/sll2c_prepend_unequal.i_59.smt2,0,0.23296570591628551,0,2.870555238041561,0,1201.7147928830236
ABV/20230321-UltimateAutomizerSvcomp2023/sll2n_append_equal.i_0.smt2,0,0.21965227206237614,0,0.5017954530194402,1,0.3196708410978317
ABV/20230321-UltimateAutomizerSvcomp2023/sll2n_append_equal.i_12.smt2,0,0.22388568008318543,0,0.5342765050008893,1,2.264431146904826
ABV/20230321-UltimateAutomizerSvcomp2023/sll2n_append_equal.i_18.smt2,0,0.27544417092576623,0,0.5408569750143215,1,0.4330980130471289
ABV/20230321-UltimateAutomizerSvcomp2023/sll2n_append_equal.i_29.smt2,0,0.2489514120388776,1,0.6579790579853579,1,0.799452006816864
ABV/20230321-UltimateAutomizerSvcomp2023/sll2n_append_equal.i_33.smt2,0,0.22021890780888498,0,0.7183563850121573,0,45.30446415604092
ABV/20230321-UltimateAutomizerSvcomp2023/sll2n_append_equal.i_45.smt2,0,0.25300367805175483,1,0.6577542379964143,1,0.23748724116012454
ABV/20230321-UltimateAutomizerSvcomp2023/sll2n_append_equal.i_51.smt2,0,0.2531109389383346,1,0.673487494001165,1,0.2604761279653758
ABV/20230321-UltimateAutomizerSvcomp2023/sll2n_append_equal.i_84.smt2,0,0.25423760106787086,1,0.7098533899988979,1,6.183651614934206
ABV/20230321-UltimateAutomizerSvcomp2023/sll2n_append_unequal.i_14.smt2,0,0.2575933320913464,0,0.4966722329845652,1,0.22853821306489408
ABV/20230321-UltimateAutomizerSvcomp2023/sll2n_append_unequal.i_54.smt2,0,0.24442805699072778,0,0.6300519230426289,0,1201.720858791843
ABV/20230321-UltimateAutomizerSvcomp2023/sll2n_append_unequal.i_6.smt2,0,0.22637304896488786,0,0.4904215909773484,1,0.24472252395935357
ABV/20230321-UltimateAutomizerSvcomp2023/sll2n_append_unequal.i_61.smt2,0,0.25386861618608236,0,0.622122296015732,0,316.17888772208244
ABV/20230321-UltimateAutomizerSvcomp2023/sll2n_append_unequal.i_69.smt2,0,0.22801139089278877,0,0.7325148180243559,0,1201.7213734900579
ABV/20230321-UltimateAutomizerSvcomp2023/sll2n_insert_equal.i_26.smt2,0,0.2755513440351933,0,0.7213962850510143,1,2.2997391470707953
ABV/20230321-UltimateAutomizerSvcomp2023/sll2n_insert_equal.i_31.smt2,0,0.23195500602014363,0,0.8721832770388573,1,0.3469984580297023
ABV/20230321-UltimateAutomizerSvcomp2023/sll2n_insert_equal.i_74.smt2,0,0.2411575559526682,0,0.5324769869912416,1,0.26118621206842363
ABV/20230321-UltimateAutomizerSvcomp2023/sll2n_insert_unequal.i_118.smt2,0,0.23615408595651388,0,5.2386950950021856,0,80.6654280112125
ABV/20230321-UltimateAutomizerSvcomp2023/sll2n_insert_unequal.i_137.smt2,0,0.22799466620199382,1,1.4005535970209166,1,0.22192495502531528
ABV/20230321-UltimateAutomizerSvcomp2023/sll2n_insert_unequal.i_144.smt2,0,0.23316306294873357,0,1201.716968936962,0,80.96936908503994
ABV/20230321-UltimateAutomizerSvcomp2023/sll2n_insert_unequal.i_150.smt2,0,0.2343786540441215,0,13.24472253699787,0,1201.7396457919385
ABV/20230321-UltimateAutomizerSvcomp2023/sll2n_insert_unequal.i_154.smt2,0,0.22147976304404438,0,13.956379882001784,0,1201.7328000920825
ABV/20230321-UltimateAutomizerSvcomp2023/sll2n_insert_unequal.i_155.smt2,0,0.23740631388500333,0,221.410284743004,0,1201.7464898349717
ABV/20230321-UltimateAutomizerSvcomp2023/sll2n_insert_unequal.i_157.smt2,0,0.25805554096587,0,118.23414114001207,0,1201.714750381885
ABV/20230321-UltimateAutomizerSvcomp2023/sll2n_insert_unequal.i_172.smt2,0,0.23588971188291907,0,618.5872762619983,0,1201.7141317140777
ABV/20230321-UltimateAutomizerSvcomp2023/sll2n_insert_unequal.i_190.smt2,0,0.23727395688183606,0,0.48757559002842754,1,0.26313357590697706
ABV/20230321-UltimateAutomizerSvcomp2023/sll2n_insert_unequal.i_192.smt2,0,0.24484071996994317,0,0.5093190489569679,1,0.24895790917798877
ABV/20230321-UltimateAutomizerSvcomp2023/sll2n_insert_unequal.i_203.smt2,0,0.24971362785436213,0,0.5090847199899144,0,80.38450170401484
ABV/20230321-UltimateAutomizerSvcomp2023/sll2n_insert_unequal.i_228.smt2,0,0.22271502506919205,1,0.5550157480174676,1,0.23840650217607617
ABV/20230321-UltimateAutomizerSvcomp2023/sll2n_insert_unequal.i_234.smt2,0,0.24404409783892334,0,0.7462633359828033,0,80.61808850592934
ABV/20230321-UltimateAutomizerSvcomp2023/sll2n_insert_unequal.i_238.smt2,0,0.24590621795505285,0,0.6883264110074379,0,35.256203572964296
ABV/20230321-UltimateAutomizerSvcomp2023/sll2n_insert_unequal.i_239.smt2,0,0.22406120784580708,0,0.6688824499724433,0,35.220644789980724
ABV/20230321-UltimateAutomizerSvcomp2023/sll2n_insert_unequal.i_240.smt2,0,0.22584461700171232,0,0.7004424260230735,0,81.55122455395758
ABV/20230321-UltimateAutomizerSvcomp2023/sll2n_insert_unequal.i_28.smt2,0,0.23752557509578764,0,37.60144275397761,0,57.512550389859825
ABV/20230321-UltimateAutomizerSvcomp2023/sll2n_insert_unequal.i_47.smt2,0,0.2228705300949514,0,29.452118292974774,0,81.06491058506072
ABV/20230321-UltimateAutomizerSvcomp2023/sll2n_insert_unequal.i_50.smt2,0,0.22949255886487663,0,20.227202643000055,0,80.61627979995683
ABV/20230321-UltimateAutomizerSvcomp2023/sll2n_insert_unequal.i_52.smt2,0,0.24777012411504984,0,6.657921748002991,0,80.57778533315286
ABV/20230321-UltimateAutomizerSvcomp2023/sll2n_insert_unequal.i_53.smt2,0,0.23887508502230048,0,5.179648827994242,0,80.7800433691591
ABV/20230321-UltimateAutomizerSvcomp2023/sll2n_insert_unequal.i_69.smt2,0,0.22800437593832612,0,653.7564595690346,0,1201.7171476541553
ABV/20230321-UltimateAutomizerSvcomp2023/sll2n_insert_unequal.i_84.smt2,0,0.22482750704512,0,40.55503721896093,0,74.76868559303693
ABV/20230321-UltimateAutomizerSvcomp2023/sll2n_insert_unequal.i_95.smt2,0,0.24534136499278247,1,1.3018422779859975,1,0.22811753302812576
ABV/20230321-UltimateAutomizerSvcomp2023/sll2n_prepend_equal.i_37.smt2,0,0.22362631908617914,0,30.648360635037534,0,1201.7143022550736
ABV/20230321-UltimateAutomizerSvcomp2023/sll2n_prepend_equal.i_38.smt2,0,0.22850449406541884,0,1201.7192787849926,0,1201.714529003948
ABV/20230321-UltimateAutomizerSvcomp2023/sll2n_prepend_equal.i_45.smt2,0,0.22673783800564706,0,252.0005724679795,0,1201.770285669947
ABV/20230321-UltimateAutomizerSvcomp2023/sll2n_prepend_equal.i_58.smt2,0,0.22090608603321016,0,0.5493818079994526,0,80.41435054596514
ABV/20230321-UltimateAutomizerSvcomp2023/sll2n_remove_all.i_5.smt2,0,0.23910984490066767,0,0.5814862970146351,0,285.1468156531919
ABV/20230321-UltimateAutomizerSvcomp2023/sll2n_update_all.i_100.smt2,0,0.22149847610853612,0,0.585204748029355,0,80.40402464894578
ABV/20230321-UltimateAutomizerSvcomp2023/sll2n_update_all.i_110.smt2,0,0.23035344504751265,0,0.6553433380322531,1,0.2648382689803839
ABV/20230321-UltimateAutomizerSvcomp2023/sll2n_update_all.i_131.smt2,1,0.21617017989046872,0,0.5849792179651558,1,0.2802732128184289
ABV/20230321-UltimateAutomizerSvcomp2023/sll2n_update_all.i_4.smt2,0,0.23965179082006216,0,0.5044623990543187,0,80.27979773213156
ABV/20230321-UltimateAutomizerSvcomp2023/sll2n_update_all.i_52.smt2,0,0.25101302401162684,0,0.5731908319867216,0,80.3411993579939
ABV/20230321-UltimateAutomizerSvcomp2023/sll2n_update_all_reverse.i_17.smt2,0,0.22121385810896754,0,0.46029329096199945,0,9.055827155010775
ABV/20230321-UltimateAutomizerSvcomp2023/sll2n_update_all_reverse.i_18.smt2,1,0.22124984418042004,0,0.5212710759951733,1,0.2447348339483142
ABV/20230321-UltimateAutomizerSvcomp2023/sll2n_update_all_reverse.i_2.smt2,0,0.24964964715763927,0,0.5373204339994118,1,0.4213811040390283
ABV/20230321-UltimateAutomizerSvcomp2023/sll2n_update_all_reverse.i_38.smt2,0,0.2543228520080447,0,0.6201350950286724,1,0.252580955857411
ABV/20230321-UltimateAutomizerSvcomp2023/sll2n_update_all_reverse.i_4.smt2,0,0.24956089979968965,0,0.522118371038232,1,0.3104631700553
ABV/20230321-UltimateAutomizerSvcomp2023/sll_circular_traversal-1.i_34.smt2,1,0.21608542883768678,0,0.6260353220277466,0,16.962212343001738
ABV/20230321-UltimateAutomizerSvcomp2023/sll_circular_traversal-1.i_51.smt2,0,0.2372139219660312,0,0.6872422649757937,0,15.086129061877728
ABV/20230321-UltimateAutomizerSvcomp2023/sll_circular_traversal-2.i_10.smt2,0,0.2232060069218278,0,1.2945915560121648,0,1201.7163797288667
ABV/20230321-UltimateAutomizerSvcomp2023/sll_circular_traversal-2.i_11.smt2,0,0.24669844307936728,0,1.2388504829723388,0,1201.7133846338838
ABV/20230321-UltimateAutomizerSvcomp2023/sll_circular_traversal-2.i_14.smt2,0,0.23436276288703084,0,4.30434203898767,0,10.275862975977361
ABV/20230321-UltimateAutomizerSvcomp2023/sll_circular_traversal-2.i_6.smt2,0,0.24882734706625342,0,0.4599815410329029,0,9.373241712106392
ABV/20230321-UltimateAutomizerSvcomp2023/sll_circular_traversal-2.i_9.smt2,0,0.24545127106830478,0,1.3557785000302829,0,1201.7156297520269
ABV/20230321-UltimateAutomizerSvcomp2023/sll_nondet_insert-1.i_5.smt2,0,0.2656711849849671,0,1202.7420267720008,0,80.46195980510674
ABV/20230321-UltimateAutomizerSvcomp2023/sll_nondet_insert-1.i_7.smt2,0,0.25072396197356284,0,1202.7800617539906,0,80.4487144369632
ABV/20230321-UltimateAutomizerSvcomp2023/sll_of_sll_nondet_append-2.i_0.smt2,0,1201.2614201561082,0,0.5034069690154865,0,80.29353485303
ABV/20230321-UltimateAutomizerSvcomp2023/sll_of_sll_nondet_append-2.i_4.smt2,0,1201.237011034973,0,0.529319911962375,0,80.28515626490116
ABV/20230321-UltimateAutomizerSvcomp2023/sll_to_dll_rev-1.i_23.smt2,0,0.22630295786075294,0,0.846884942962788,0,1201.7134107581805
ABV/20230321-UltimateAutomizerSvcomp2023/sll_to_dll_rev-1.i_27.smt2,0,0.22652734885923564,0,0.6089203300070949,0,128.08514967211522
ABV/20230321-UltimateAutomizerSvcomp2023/sll_to_dll_rev-1.i_28.smt2,0,0.22516562999226153,0,3.4023573000449687,1,10.404522533994168
ABV/20230321-UltimateAutomizerSvcomp2023/sll_to_dll_rev-1.i_30.smt2,1,0.25461123092100024,1,0.5718080529477447,1,0.23120420100167394
ABV/20230321-UltimateAutomizerSvcomp2023/sll_to_dll_rev-1.i_68.smt2,0,0.22869488992728293,0,1.009483297006227,0,31.111772453878075
ABV/20230321-UltimateAutomizerSvcomp2023/sll_to_dll_rev-2.i_10.smt2,0,0.22874175803735852,1,0.5487216589972377,1,0.22558569512329996
ABV/20230321-UltimateAutomizerSvcomp2023/sll_to_dll_rev-2.i_19.smt2,0,0.22751688701100647,0,0.5991484560072422,1,3.6976683461107314
ABV/20230321-UltimateAutomizerSvcomp2023/sll_to_dll_rev-2.i_27.smt2,0,0.2192682910244912,1,0.585948049032595,1,0.23080871417187154
ABV/20230321-UltimateAutomizerSvcomp2023/sll_to_dll_rev-2.i_37.smt2,0,0.22137990198098123,1,0.6197862499975599,1,0.23044573795050383
ABV/20230321-UltimateAutomizerSvcomp2023/sll_to_dll_rev-2.i_48.smt2,0,0.25518419803120196,1,0.8763261529966258,1,0.2264621020294726
ABV/20230321-UltimateAutomizerSvcomp2023/sll_to_dll_rev-2.i_6.smt2,0,0.2533280150964856,1,1.2925462190178223,1,0.2300316421315074
ABV/20230321-UltimateAutomizerSvcomp2023/sll_to_dll_rev-2.i_73.smt2,0,0.268742301966995,0,1.042973839037586,0,86.08952894015238
ABV/20230321-UltimateAutomizerSvcomp2023/sll_to_dll_rev-2.i_85.smt2,0,0.30015218001790345,0,1.5663312789984047,1,119.04596331878565
ABV/20230321-UltimateAutomizerSvcomp2023/splice-2.i_23.smt2,0,0.22284253989346325,1,0.6915186969563365,1,0.2438635230064392
ABV/20230321-UltimateAutomizerSvcomp2023/splice-2.i_6.smt2,0,0.21848333906382322,0,0.4712076620198786,1,0.25581882195547223
ABV/20230321-UltimateAutomizerSvcomp2023/splice-2.i_64.smt2,0,0.22572920308448374,0,1.319259631971363,1,0.41188132483512163
ABV/20230321-UltimateAutomizerSvcomp2023/splice-2.i_73.smt2,0,0.23082553315907717,0,0.6632332779699937,1,0.5080157250631601
ABV/20230321-UltimateAutomizerSvcomp2023/splice-2.i_92.smt2,0,0.2263703029602766,0,0.49522144900402054,1,0.2381651469040662
ABV/20230321-UltimateAutomizerSvcomp2023/splice-2.i_93.smt2,0,0.21827174606733024,1,0.4755166490213014,1,0.22502074693329632
ABV/20230321-UltimateAutomizerSvcomp2023/split_list_test05-1.i_16.smt2,0,1201.225276988931,0,0.4522629579878412,0,80.32670051115565
ABV/20230321-UltimateAutomizerSvcomp2023/split_list_test05-1.i_18.smt2,0,0.24167384603060782,0,0.6631550689926371,0,80.52878040401265
ABV/20230321-UltimateAutomizerSvcomp2023/split_list_test05-1.i_19.smt2,0,0.22469678800553083,0,0.5703632009681314,0,81.45066587114707
ABV/20230321-UltimateAutomizerSvcomp2023/split_list_test05-1.i_22.smt2,0,0.23201820394024253,0,0.53012042096816,0,80.63753432198428
ABV/20230321-UltimateAutomizerSvcomp2023/split_list_test05-2.i_15.smt2,0,0.23670683498494327,0,0.545910668966826,0,220.7737263981253
ABV/20230321-UltimateAutomizerSvcomp2023/split_list_test05-2.i_16.smt2,0,1201.223814195022,1,0.5210432940511964,0,80.30596445384435
ABV/20230321-UltimateAutomizerSvcomp2023/split_list_test05-2.i_18.smt2,0,1201.2909827281255,1,0.4706805009627715,0,80.28942275000736
ABV/20230321-UltimateAutomizerSvcomp2023/split_list_test05-2.i_19.smt2,0,1201.255575867137,1,0.449790426006075,0,80.30443220888264
ABV/20230321-UltimateAutomizerSvcomp2023/split_list_test05-2.i_25.smt2,0,0.2512507839128375,0,0.7549283019616269,1,0.240107418037951
ABV/20230321-UltimateAutomizerSvcomp2023/sum_array-2-1.i_14.smt2,0,0.24286142480559647,0,0.560659039998427,0,1201.7284350867849
ABV/20230321-UltimateAutomizerSvcomp2023/sum_array-2.i_23.smt2,0,0.22867042804136872,0,0.5613429459626786,0,1201.7187006720342
ABV/20230321-UltimateAutomizerSvcomp2023/test-0102-1.i_13.smt2,0,1201.2337870160118,0,0.5580030540004373,0,80.81529811606742
ABV/20230321-UltimateAutomizerSvcomp2023/test-0102-1.i_4.smt2,0,0.21993577107787132,0,0.5095670799491927,0,80.51081777713262
ABV/20230321-UltimateAutomizerSvcomp2023/test-0134.i_10.smt2,0,0.25032338686287403,0,0.5960183420102112,0,0.8384906030260026
ABV/20230321-UltimateAutomizerSvcomp2023/test-0134.i_14.smt2,0,0.271681321086362,0,0.5483363590319641,0,80.50528178410605
ABV/20230321-UltimateAutomizerSvcomp2023/test-0134.i_32.smt2,0,0.23364582192152739,0,0.5003358419635333,0,1.1914940648712218
ABV/20230321-UltimateAutomizerSvcomp2023/test-0134.i_42.smt2,0,0.22357389191165566,0,0.5356452360283583,0,80.76118961395696
ABV/20230321-UltimateAutomizerSvcomp2023/test-0134.i_43.smt2,0,0.24972611898556352,0,0.548726036970038,0,222.25235625100322
ABV/20230321-UltimateAutomizerSvcomp2023/test-0137.i_24.smt2,0,0.24912388203665614,0,0.5555188959697261,0,81.03102749912068
ABV/20230321-UltimateAutomizerSvcomp2023/test-0137.i_25.smt2,0,0.24910714197903872,0,0.6058371280087158,1,33.477258405881
ABV/20230321-UltimateAutomizerSvcomp2023/test-0234-1.i_3.smt2,0,0.219411350088194,0,0.49399045103928074,0,80.36266893986613
ABV/20230321-UltimateAutomizerSvcomp2023/test-0504.i_7.smt2,1,0.22042285813950002,0,0.5044979780213907,1,0.24077299004420638
ABV/20230321-UltimateAutomizerSvcomp2023/test-0513.i_20.smt2,1,0.23996562301181257,0,0.4757127169868909,1,2.5609183239284903
ABV/20230321-UltimateAutomizerSvcomp2023/test-0513_1.i_109.smt2,0,0.23606293415650725,0,0.4840979699511081,0,1201.7317821229808
ABV/20230321-UltimateAutomizerSvcomp2023/test-0513_1.i_112.smt2,0,0.22346449200995266,0,0.4922136479872279,1,0.3307600049301982
ABV/20230321-UltimateAutomizerSvcomp2023/test-0513_1.i_44.smt2,0,1201.2452719830908,1,0.5623362300102599,0,80.39651744812727
ABV/20230321-UltimateAutomizerSvcomp2023/test-0513_1.i_45.smt2,0,0.2418493339791894,0,0.4971746610244736,0,80.42750141490251
ABV/20230321-UltimateAutomizerSvcomp2023/test-0513_1.i_46.smt2,0,0.2228476998861879,0,0.5012072369572707,0,80.4985978170298
ABV/20230321-UltimateAutomizerSvcomp2023/test-0513_1.i_54.smt2,0,0.22501454106532037,0,0.5835597949917428,0,80.35365577111952
ABV/20230321-UltimateAutomizerSvcomp2023/test-0513_1.i_57.smt2,0,0.21851370320655406,0,0.544680099003017,1,0.24691886105574667
ABV/20230321-UltimateAutomizerSvcomp2023/test-0513_1.i_63.smt2,0,0.25127836992032826,0,0.5362937379977666,1,0.28145115193910897
ABV/20230321-UltimateAutomizerSvcomp2023/test-0513_1.i_78.smt2,0,0.22791715105995536,0,0.5366028869757429,1,0.3120773280970752
ABV/20230321-UltimateAutomizerSvcomp2023/test-0513_1.i_81.smt2,0,0.22012784495018423,0,0.5421917850035243,1,0.27551190298981965
ABV/20230321-UltimateAutomizerSvcomp2023/test-0513_1.i_86.smt2,0,0.24696791311725974,0,0.5976867519784719,0,1201.727303809952
ABV/20230321-UltimateAutomizerSvcomp2023/test-0521.i_0.smt2,1,0.2155979871749878,0,0.46115832799114287,1,0.26718625891953707
ABV/20230321-UltimateAutomizerSvcomp2023/test-0521.i_1.smt2,1,0.23769456194713712,0,0.4858270750264637,0,80.2765960090328
ABV/20230321-UltimateAutomizerSvcomp2023/test-0521.i_4.smt2,1,0.21754850703291595,0,0.5020601460128091,0,80.35805217013694
ABV/20230321-UltimateAutomizerSvcomp2023/test-memleak_nexttime.i_0.smt2,0,0.3430048041045666,0,0.5559760620235465,0,80.36911602597684
ABV/20230321-UltimateAutomizerSvcomp2023/test-memleak_nexttime.i_118.smt2,0,0.3048091880045831,0,0.5064830839983188,0,80.41147830383852
ABV/20230321-UltimateAutomizerSvcomp2023/test-memleak_nexttime.i_121.smt2,0,0.22277231886982918,0,0.4882142139831558,0,80.45071822195314
ABV/20230321-UltimateAutomizerSvcomp2023/test-memleak_nexttime.i_13.smt2,0,0.3125871270895004,0,0.5210861280211248,0,80.39796807616949
ABV/20230321-UltimateAutomizerSvcomp2023/test-memleak_nexttime.i_137.smt2,0,0.22348448401317,1,0.49419593799393624,1,0.22286174190230668
ABV/20230321-UltimateAutomizerSvcomp2023/test-memleak_nexttime.i_139.smt2,0,0.25086830696091056,0,0.5208300980157219,0,80.48054403904825
ABV/20230321-UltimateAutomizerSvcomp2023/test-memleak_nexttime.i_144.smt2,0,0.24341502413153648,0,0.5261838259757496,0,80.39766371413134
ABV/20230321-UltimateAutomizerSvcomp2023/test-memleak_nexttime.i_150.smt2,0,0.22191205504350364,0,0.5203796070418321,0,80.37933219200931
ABV/20230321-UltimateAutomizerSvcomp2023/test-memleak_nexttime.i_171.smt2,0,0.2675886901561171,0,0.6075966029893607,0,1201.7430138511118
ABV/20230321-UltimateAutomizerSvcomp2023/test-memleak_nexttime.i_180.smt2,0,0.23191916896030307,0,0.5972970770089887,0,1201.7145060519688
ABV/20230321-UltimateAutomizerSvcomp2023/test-memleak_nexttime.i_200.smt2,0,0.23990100109949708,0,0.55636318505276,0,80.39138016384095
ABV/20230321-UltimateAutomizerSvcomp2023/test-memleak_nexttime.i_202.smt2,0,0.2211918910034001,0,0.5985692249960266,0,80.36685269186273
ABV/20230321-UltimateAutomizerSvcomp2023/test-memleak_nexttime.i_209.smt2,0,0.22025693394243717,0,0.5446399030042812,0,80.35845445212908
ABV/20230321-UltimateAutomizerSvcomp2023/test-memleak_nexttime.i_21.smt2,0,0.22290057688951492,0,0.5805876619997434,0,1201.7129310530145
ABV/20230321-UltimateAutomizerSvcomp2023/test-memleak_nexttime.i_220.smt2,0,0.22540733986534178,0,0.7362001709989272,0,1201.727243426023
ABV/20230321-UltimateAutomizerSvcomp2023/test-memleak_nexttime.i_223.smt2,0,0.22306620283052325,0,0.6242735420237295,0,2.9306107219308615
ABV/20230321-UltimateAutomizerSvcomp2023/test-memleak_nexttime.i_234.smt2,0,0.2624687450006604,0,0.5664021770353429,0,80.40991346398368
ABV/20230321-UltimateAutomizerSvcomp2023/test-memleak_nexttime.i_237.smt2,0,0.24243608000688255,0,0.6105838030343875,0,80.45129044307396
ABV/20230321-UltimateAutomizerSvcomp2023/test-memleak_nexttime.i_241.smt2,0,0.2447565810289234,0,0.7343178340233862,0,1201.727466359036
ABV/20230321-UltimateAutomizerSvcomp2023/test-memleak_nexttime.i_249.smt2,0,0.21825538203120232,0,0.5438645639806055,0,80.42274150508456
ABV/20230321-UltimateAutomizerSvcomp2023/test-memleak_nexttime.i_260.smt2,0,0.23381112795323133,0,0.6379946680390276,0,80.54871380701661
ABV/20230321-UltimateAutomizerSvcomp2023/test-memleak_nexttime.i_263.smt2,0,0.2228801439050585,0,0.604280708997976,0,1201.7147016359959
ABV/20230321-UltimateAutomizerSvcomp2023/test-memleak_nexttime.i_265.smt2,0,0.23427555500529706,0,0.6003636230016127,0,80.48183155502193
ABV/20230321-UltimateAutomizerSvcomp2023/test-memleak_nexttime.i_279.smt2,0,0.23491027601994574,0,0.702829466026742,1,0.2509896280243993
ABV/20230321-UltimateAutomizerSvcomp2023/test-memleak_nexttime.i_280.smt2,0,0.23808942805044353,0,0.771344507986214,0,1201.743110888172
ABV/20230321-UltimateAutomizerSvcomp2023/test-memleak_nexttime.i_298.smt2,0,0.22192506305873394,0,0.6947327830130234,0,80.46144401305355
ABV/20230321-UltimateAutomizerSvcomp2023/test-memleak_nexttime.i_3.smt2,0,0.30233748303726315,0,0.5326182959834114,0,80.44487129990011
ABV/20230321-UltimateAutomizerSvcomp2023/test-memleak_nexttime.i_311.smt2,0,0.34205337706953287,0,0.6262366760056466,0,80.5408741699066
ABV/20230321-UltimateAutomizerSvcomp2023/test-memleak_nexttime.i_318.smt2,0,0.24271714105270803,0,0.5164681180031039,0,80.42916485201567
ABV/20230321-UltimateAutomizerSvcomp2023/test-memleak_nexttime.i_32.smt2,0,0.2297607169020921,1,0.49764698499348015,1,0.2257392790634185
ABV/20230321-UltimateAutomizerSvcomp2023/test-memleak_nexttime.i_321.smt2,0,0.23209968418814242,0,0.6506844370160252,0,1201.7316364201251
ABV/20230321-UltimateAutomizerSvcomp2023/test-memleak_nexttime.i_322.smt2,0,0.2461070700082928,0,0.5919400720158592,0,80.48872328805737
ABV/20230321-UltimateAutomizerSvcomp2023/test-memleak_nexttime.i_325.smt2,0,0.2468930201139301,0,0.5850431350409053,0,1201.762210402172
ABV/20230321-UltimateAutomizerSvcomp2023/test-memleak_nexttime.i_327.smt2,0,0.245866954093799,0,0.5150801970157772,0,80.37415137188509
ABV/20230321-UltimateAutomizerSvcomp2023/test-memleak_nexttime.i_332.smt2,0,0.23317926586605608,0,0.6145177300204523,0,80.51165974698961
ABV/20230321-UltimateAutomizerSvcomp2023/test-memleak_nexttime.i_333.smt2,0,0.23522843583486974,0,0.648897962004412,0,1201.7132673340384
ABV/20230321-UltimateAutomizerSvcomp2023/test-memleak_nexttime.i_361.smt2,0,0.24556310195475817,0,0.46178077900549397,0,80.35072108684108
ABV/20230321-UltimateAutomizerSvcomp2023/test-memleak_nexttime.i_364.smt2,0,0.22540347301401198,0,0.4697392479865812,0,80.37454737210646
ABV/20230321-UltimateAutomizerSvcomp2023/test-memleak_nexttime.i_368.smt2,0,0.22911971108987927,0,0.5939767230302095,1,0.23541681794449687
ABV/20230321-UltimateAutomizerSvcomp2023/test-memleak_nexttime.i_371.smt2,0,0.24119407404214144,0,0.5020979410037398,0,80.37344940984622
ABV/20230321-UltimateAutomizerSvcomp2023/test-memleak_nexttime.i_375.smt2,0,0.22134597483091056,0,0.5268578060204163,0,80.41480174497701
ABV/20230321-UltimateAutomizerSvcomp2023/test-memleak_nexttime.i_385.smt2,0,0.23449648288078606,0,0.5204656869755127,0,80.48915953794494
ABV/20230321-UltimateAutomizerSvcomp2023/test-memleak_nexttime.i_389.smt2,0,0.2635663920082152,0,0.4942081000190228,0,80.37051600893028
ABV/20230321-UltimateAutomizerSvcomp2023/test-memleak_nexttime.i_398.smt2,0,0.24887529714033008,0,0.5491201530094258,1,0.23124389699660242
ABV/20230321-UltimateAutomizerSvcomp2023/test-memleak_nexttime.i_40.smt2,0,0.24514707108028233,0,0.5379160529701039,0,80.37425777781755
ABV/20230321-UltimateAutomizerSvcomp2023/test-memleak_nexttime.i_407.smt2,0,0.23619995499029756,0,0.5015394799993373,0,1.3638014099560678
ABV/20230321-UltimateAutomizerSvcomp2023/test-memleak_nexttime.i_41.smt2,0,0.2359194359742105,0,0.48740799800725654,0,80.3909691919107
ABV/20230321-UltimateAutomizerSvcomp2023/test-memleak_nexttime.i_411.smt2,0,0.2411765749566257,0,0.5215492760180496,0,380.4796777279116
ABV/20230321-UltimateAutomizerSvcomp2023/test-memleak_nexttime.i_421.smt2,0,0.23658253299072385,1,0.5220126670319587,1,0.25279180193319917
ABV/20230321-UltimateAutomizerSvcomp2023/test-memleak_nexttime.i_426.smt2,0,0.21765178511850536,0,0.5378197070094757,0,1201.7386312710587
ABV/20230321-UltimateAutomizerSvcomp2023/test-memleak_nexttime.i_432.smt2,0,0.23825817089527845,0,0.4875771530205384,0,80.43424689397216
ABV/20230321-UltimateAutomizerSvcomp2023/test-memleak_nexttime.i_439.smt2,0,0.2510401881299913,1,0.5222107169684023,1,0.22447120514698327
ABV/20230321-UltimateAutomizerSvcomp2023/test-memleak_nexttime.i_446.smt2,0,0.23386704199947417,0,0.498896005039569,0,80.39795672520995
ABV/20230321-UltimateAutomizerSvcomp2023/test-memleak_nexttime.i_452.smt2,0,0.22727402509190142,1,0.49311527801910415,1,0.2281123069114983
ABV/20230321-UltimateAutomizerSvcomp2023/test-memleak_nexttime.i_453.smt2,0,0.23557154298759997,1,0.5673840820090845,1,0.22899721609428525
ABV/20230321-UltimateAutomizerSvcomp2023/test-memleak_nexttime.i_454.smt2,0,0.2508042238187045,0,0.4896189169958234,0,80.45324813993648
ABV/20230321-UltimateAutomizerSvcomp2023/test-memleak_nexttime.i_467.smt2,0,0.23765627201646566,0,0.4963256330229342,0,80.49881663010456
ABV/20230321-UltimateAutomizerSvcomp2023/test-memleak_nexttime.i_47.smt2,0,0.22107112407684326,0,0.4967390439705923,0,80.37692639697343
ABV/20230321-UltimateAutomizerSvcomp2023/test-memleak_nexttime.i_495.smt2,0,0.22018785309046507,1,0.5160510700079612,1,0.25304959807544947
ABV/20230321-UltimateAutomizerSvcomp2023/test-memleak_nexttime.i_509.smt2,0,0.23802524502389133,0,0.5219622389995493,0,80.44243351812474
ABV/20230321-UltimateAutomizerSvcomp2023/test-memleak_nexttime.i_521.smt2,0,0.23278144397772849,0,0.5276374659733847,0,80.47667731810361
ABV/20230321-UltimateAutomizerSvcomp2023/test-memleak_nexttime.i_526.smt2,0,0.21976054785773158,0,0.49388886301312596,0,80.39961185003631
ABV/20230321-UltimateAutomizerSvcomp2023/test-memleak_nexttime.i_54.smt2,0,0.22509537590667605,1,0.492076720984187,1,0.26170787191949785
ABV/20230321-UltimateAutomizerSvcomp2023/test-memleak_nexttime.i_557.smt2,0,0.2407061990816146,0,0.6237035029917024,0,80.43720937310718
ABV/20230321-UltimateAutomizerSvcomp2023/test-memleak_nexttime.i_559.smt2,0,0.26665923511609435,0,0.5487446099868976,0,80.4155877479352
ABV/20230321-UltimateAutomizerSvcomp2023/test-memleak_nexttime.i_562.smt2,0,0.22360421204939485,0,0.5502880780259147,0,0.5192319680936635
ABV/20230321-UltimateAutomizerSvcomp2023/test-memleak_nexttime.i_66.smt2,0,0.22141077602282166,1,0.517364802013617,1,0.23594538494944572
ABV/20230321-UltimateAutomizerSvcomp2023/test-memleak_nexttime.i_7.smt2,0,0.29936270182952285,0,0.5307159390067682,0,80.40831966511905
ABV/20230321-UltimateAutomizerSvcomp2023/test-memleak_nexttime.i_73.smt2,0,0.22288799681700766,0,0.5264076350140385,0,80.45435912697576
ABV/20230321-UltimateAutomizerSvcomp2023/test-memleak_nexttime.i_75.smt2,0,0.24738055001944304,1,0.5175722030107863,1,0.22587997606024146
ABV/20230321-UltimateAutomizerSvcomp2023/test-memleak_nexttime.i_78.smt2,0,0.23535455716773868,0,0.5115597799886018,0,1201.7230741849635
ABV/20230321-UltimateAutomizerSvcomp2023/test-memleak_nexttime.i_82.smt2,0,0.25145987002179027,0,0.5461168859619647,0,1201.7123192560393
ABV/20230321-UltimateAutomizerSvcomp2023/test_add-2.i_12.smt2,0,0.23937431606464088,0,1201.7477441889932,1,0.23848790302872658
ABV/20230321-UltimateAutomizerSvcomp2023/test_add-2.i_23.smt2,0,0.22261836286634207,1,0.7297130940132774,1,0.226162038045004
ABV/20230321-UltimateAutomizerSvcomp2023/test_add-2.i_26.smt2,0,0.2206411890219897,1,0.5548502799938433,1,0.22294035903178155
ABV/20230321-UltimateAutomizerSvcomp2023/test_add-2.i_29.smt2,0,1201.2439388919156,0,0.5372243319870904,1,0.24631072697229683
ABV/20230321-UltimateAutomizerSvcomp2023/test_add-2.i_30.smt2,0,0.24445860600098968,1,0.6495349520118907,1,0.22406185418367386
ABV/20230321-UltimateAutomizerSvcomp2023/test_add-2.i_36.smt2,0,1201.2684600949287,0,0.5966227310127579,1,0.25784776685759425
ABV/20230321-UltimateAutomizerSvcomp2023/test_add-2.i_45.smt2,1,0.26894902088679373,1,0.6447950199944898,1,0.4076228700578213
ABV/20230321-UltimateAutomizerSvcomp2023/test_mutex.i_12.smt2,0,0.24141214601695538,1,130.56515072099864,1,0.26487200101837516
ABV/20230321-UltimateAutomizerSvcomp2023/test_mutex.i_15.smt2,0,0.23179911402985454,1,94.9157094930415,1,0.361376591026783
ABV/20230321-UltimateAutomizerSvcomp2023/test_mutex.i_32.smt2,0,0.2440786079969257,1,86.00694489304442,1,0.31797966780140996
ABV/20230321-UltimateAutomizerSvcomp2023/test_mutex.i_33.smt2,0,0.23668593098409474,1,75.08240849000867,1,0.260848336154595
ABV/20230321-UltimateAutomizerSvcomp2023/test_mutex_unbounded-1.i_0.smt2,0,0.21806484390981495,0,1201.7434183040168,0,1201.7463129619136
ABV/20230321-UltimateAutomizerSvcomp2023/test_mutex_unbounded-1.i_102.smt2,0,0.22401999798603356,0,1202.2211140859872,0,1201.7147361219395
ABV/20230321-UltimateAutomizerSvcomp2023/test_mutex_unbounded-1.i_20.smt2,0,0.21979690506123006,0,1201.7430677860393,0,1201.7161425440572
ABV/20230321-UltimateAutomizerSvcomp2023/test_mutex_unbounded-1.i_21.smt2,0,0.2244140028487891,0,1201.7196481360006,0,1201.7153746178374
ABV/20230321-UltimateAutomizerSvcomp2023/test_mutex_unbounded-1.i_24.smt2,0,0.2642103279940784,0,1201.7186798790353,0,1201.7128316331655
ABV/20230321-UltimateAutomizerSvcomp2023/test_mutex_unbounded-1.i_32.smt2,0,0.2417968751396984,0,35.50456748198485,0,1201.7137566572055
ABV/20230321-UltimateAutomizerSvcomp2023/test_mutex_unbounded-1.i_42.smt2,0,0.23622496705502272,0,1201.744096253009,0,1201.7228958348278
ABV/20230321-UltimateAutomizerSvcomp2023/test_mutex_unbounded-1.i_80.smt2,0,0.22657010308466852,0,1202.2173977210186,0,1201.737576218089
ABV/20230321-UltimateAutomizerSvcomp2023/test_mutex_unbounded-1.i_83.smt2,0,0.25030435784719884,0,1201.717861613026,0,1201.7159232718404
ABV/20230321-UltimateAutomizerSvcomp2023/test_mutex_unbounded-1.i_87.smt2,0,0.24159741587936878,0,1201.721620936005,0,1201.7281171518844
ABV/20230321-UltimateAutomizerSvcomp2023/test_mutex_unbounded-1.i_97.smt2,0,0.22942742402665317,0,1202.2194106479874,0,1201.7129728931468
ABV/20230321-UltimateAutomizerSvcomp2023/test_mutex_unbounded-2.i_23.smt2,0,0.22745494707487524,0,1201.7178816720261,0,1201.7141704519745
ABV/20230321-UltimateAutomizerSvcomp2023/test_mutex_unbounded-2.i_24.smt2,0,0.22682084911502898,0,1201.7187886840547,0,1201.7141667539254
ABV/20230321-UltimateAutomizerSvcomp2023/test_mutex_unbounded-2.i_45.smt2,0,0.22815876686945558,0,321.04585326102097,0,1201.7169903500471
ABV/20230321-UltimateAutomizerSvcomp2023/test_mutex_unbounded-2.i_58.smt2,0,0.25674156192690134,0,1201.7549411360524,0,1201.7211377320345
ABV/20230321-UltimateAutomizerSvcomp2023/test_mutex_unbounded-2.i_72.smt2,0,0.25225578993558884,1,214.71755421796115,0,1201.7131811170839
ABV/20230321-UltimateAutomizerSvcomp2023/test_mutex_unbounded-2.i_73.smt2,0,0.2236689031124115,0,1201.7164393040002,0,1201.7178718710784
ABV/20230321-UltimateAutomizerSvcomp2023/test_mutex_unbounded-2.i_74.smt2,0,0.22489844006486237,0,1201.778094000998,0,1201.711629911093
ABV/20230321-UltimateAutomizerSvcomp2023/test_mutex_unbounded-2.i_80.smt2,0,0.2288455341476947,0,1201.7379392790026,0,1201.717561590951
ABV/20230321-UltimateAutomizerSvcomp2023/test_mutex_unbounded-2.i_92.smt2,0,0.22149632312357426,0,1201.7454197889892,0,1201.7373841779772
ABV/20230321-UltimateAutomizerSvcomp2023/test_mutex_unbounded-2.i_94.smt2,0,0.24629830801859498,0,1201.7130240509869,0,1201.7132870941423
ABV/20230321-UltimateAutomizerSvcomp2023/test_mutex_unbounded-2.i_96.smt2,0,0.22254715207964182,1,417.53656266396865,0,1201.7197067670058
ABV/20230321-UltimateAutomizerSvcomp2023/test_mutex_unlock_at_exit.i_0.smt2,1,0.2561242689844221,1,0.5464465980185196,1,80.48172119189985
ABV/20230321-UltimateAutomizerSvcomp2023/tree_cnstr.i_0.smt2,1,0.21776606095954776,0,0.44768362201284617,1,0.24245744105428457
ABV/20230321-UltimateAutomizerSvcomp2023/tree_of_cslls.i_5.smt2,0,0.24334657518193126,0,0.5852293560164981,0,80.63860222301446
ABV/20230321-UltimateAutomizerSvcomp2023/tree_of_cslls.i_7.smt2,0,0.2532318418379873,0,0.5489344450179487,0,1201.7242763640825
ABV/20230321-UltimateAutomizerSvcomp2023/tree_stack.i_1.smt2,1,0.2206677170470357,0,0.5059041289496236,1,2.700866405852139
